ID,GH1,GH115,GH125,GH127,GH130,GH142,GH151,GH16,GH2,GH27,GH29,GH3,GH30,GH31,GH35,GH36,GH38,GH39,GH4,GH42,GH43,GH47,GH5,GH54,GH63,GH67,GH92,GH97
BCW-200001,0,0,0,0,0,0,0,1,0,0,0,2,0,0,0,0,0,0,0,0,1,0,1,0,0,0,0,0
BCW-200002,0,0,0,0,0,0,0,0,0,0,0,1,0,0,0,0,0,0,0,0,0,0,0,0,0,0,0,0
BCW-200003,8,0,0,0,0,0,0,0,1,0,0,2,0,3,0,1,0,0,2,0,3,0,0,0,0,0,0,0
BCW-200004,7,0,0,0,0,0,0,0,1,0,0,3,0,2,0,1,0,0,3,0,2,0,1,0,0,0,0,0
BCW-200005,7,0,0,0,0,0,0,0,1,0,0,3,0,2,0,1,0,0,3,0,2,0,1,0,0,0,0,0
BCW-200006,7,0,0,0,0,0,0,0,1,0,0,3,0,2,0,1,0,0,3,0,2,0,1,0,0,0,0,0
BCW-200007,7,0,0,0,0,0,0,0,1,0,0,3,0,2,0,1,0,0,3,0,2,0,1,0,0,0,0,0
BCW-200008,0,0,0,0,0,0,0,0,0,0,0,1,0,0,0,0,0,0,0,0,0,0,0,0,0,0,0,0
BCW-200009,6,0,0,0,0,0,0,0,1,0,0,3,0,2,0,1,0,0,3,0,1,0,0,0,0,0,0,0
BCW-200010,6,0,1,0,0,0,0,0,1,0,0,3,0,0,0,0,1,0,0,0,1,0,0,0,0,1,1,0
BCW-200011,0,0,0,0,0,0,0,1,0,0,0,2,0,0,0,0,0,0,0,0,1,0,0,0,0,0,0,0
BCW-200012,6,0,0,0,0,0,0,0,1,0,0,3,0,3,0,1,0,0,3,0,2,0,1,0,0,0,0,0
BCW-200013,6,0,0,0,0,0,0,0,1,0,0,3,0,2,0,1,0,0,3,0,2,0,1,0,0,0,0,0
BCW-200014,7,0,0,0,0,0,0,0,1,0,0,3,0,2,0,1,0,0,3,0,2,0,1,0,0,0,0,0
BCW-200015,6,0,0,0,0,0,0,0,1,0,0,3,0,2,0,1,0,0,3,0,2,0,1,0,0,0,0,0
BCW-200016,7,0,0,0,0,0,0,0,1,0,0,3,0,2,0,1,0,0,3,0,2,0,1,0,0,0,0,0
BCW-200017,7,0,0,1,0,0,0,0,1,0,0,3,0,2,0,1,0,0,3,0,2,0,1,0,0,0,0,0
BCW-200018,7,0,0,1,0,0,0,0,2,0,0,3,0,2,0,1,0,0,3,0,1,0,1,0,1,0,0,0
BCW-200019,12,0,1,0,0,0,0,0,2,0,0,4,0,2,0,1,0,0,3,0,3,0,1,0,0,1,0,0
BCW-200020,6,0,0,0,0,0,0,0,1,0,0,4,0,2,0,1,0,0,3,0,2,0,1,0,0,0,0,0
BCW-200021,15,0,0,1,0,0,0,0,2,0,0,7,0,4,0,2,0,0,9,3,6,0,2,0,0,0,0,0
BCW-200022,8,0,0,0,0,0,0,0,1,0,0,2,0,3,0,1,0,0,4,0,3,0,0,0,0,0,0,0
BCW-200023,7,0,0,1,0,0,0,0,2,0,0,3,0,2,0,1,0,0,3,0,1,0,1,0,1,0,0,0
BCW-200024,9,0,0,1,0,0,0,0,1,0,0,2,0,3,0,1,0,0,5,1,3,0,1,0,0,0,0,0
BCW-200025,7,0,0,1,0,0,0,0,2,0,0,3,0,2,0,1,0,0,3,0,1,0,1,0,1,0,0,0
BCW-200026,7,0,0,1,0,0,0,0,1,0,0,3,0,2,0,1,0,0,3,0,2,0,1,0,0,0,0,0
BCW-200027,6,0,0,0,0,0,0,0,1,0,0,3,0,2,0,1,0,0,3,0,1,0,0,0,0,0,0,0
BCW-200028,10,0,0,1,0,0,0,0,1,0,0,4,0,1,0,1,0,0,6,2,4,0,2,0,0,0,0,0
BCW-200029,6,0,0,0,0,0,0,0,1,0,0,3,0,2,0,1,0,0,3,0,1,0,0,0,0,0,0,0
BCW-200030,10,0,0,1,0,0,0,0,1,0,0,4,0,1,0,1,0,0,6,2,4,0,2,0,0,0,0,0
BCW-200031,4,0,0,2,0,0,0,0,2,0,0,2,0,2,0,0,0,0,3,0,1,0,1,0,1,0,0,0
BCW-200032,0,0,0,0,0,0,0,0,0,0,0,1,0,0,0,0,0,0,0,0,0,0,0,0,0,0,0,0
BCW-200033,8,0,0,0,0,0,0,0,1,0,0,2,0,3,0,1,0,0,2,0,3,0,0,0,0,0,0,0
BCW-200034,7,0,0,0,0,0,0,0,1,0,0,3,0,2,0,1,0,0,3,0,2,0,1,0,0,0,0,0
BCW-200035,7,0,0,0,0,0,0,0,1,0,0,3,0,2,0,1,0,0,3,0,2,0,1,0,0,0,0,0
BCW-200036,4,0,0,0,1,0,0,0,2,0,0,2,0,2,0,0,1,0,4,0,1,0,0,0,0,0,0,0
BCW-200037,14,0,0,1,0,0,0,0,2,0,0,5,0,3,0,2,0,0,9,2,4,0,3,0,0,0,0,0
BCW-200039,11,0,0,0,0,0,0,0,2,0,0,5,0,4,0,1,0,0,4,0,2,0,1,0,0,0,0,0
BCW-200040,8,0,0,0,0,0,0,0,1,0,0,2,0,3,0,1,0,0,2,0,3,0,0,0,0,0,0,0
BCW-200041,7,0,0,1,0,0,0,0,2,0,0,3,0,2,0,1,0,0,3,0,1,0,1,0,1,0,0,0
BCW-200042,6,0,1,0,0,0,0,0,1,0,0,3,0,0,0,0,1,0,0,0,1,0,0,0,0,1,1,0
BCW-200043,7,0,0,1,0,0,0,0,1,0,0,3,0,4,0,1,1,0,3,1,2,0,1,0,0,0,0,0
BCW-200044,0,0,0,0,0,0,0,0,0,0,0,1,0,0,0,0,0,0,0,0,0,0,0,0,0,0,0,0
BCW-200045,7,0,0,0,0,0,0,0,1,0,0,3,0,2,0,1,0,0,3,0,2,0,1,0,0,0,0,0
BCW-200046,0,0,0,0,0,0,0,0,0,0,0,2,0,0,0,0,0,0,0,0,0,0,0,0,0,0,0,0
BCW-200047,6,0,0,0,0,0,0,0,1,0,0,3,0,2,0,1,0,0,3,0,1,0,0,0,0,0,0,0
BCW-200048,6,0,1,0,0,0,0,0,1,0,0,3,0,0,0,0,1,0,0,0,1,0,0,0,0,1,1,0
BCW-200049,9,0,0,1,0,0,0,0,2,0,0,4,0,2,0,1,0,0,7,2,5,0,1,0,1,0,0,0
BCW-200050,7,0,0,0,0,0,0,0,1,0,0,3,0,2,0,1,1,0,3,0,2,0,1,0,0,0,0,0
BCW-200051,6,0,1,0,0,0,1,0,1,0,0,1,0,0,0,0,2,0,0,0,1,0,0,0,0,1,1,0
BCW-200052,8,0,0,0,0,0,0,0,1,0,0,3,0,3,0,1,0,0,2,0,3,0,0,0,0,0,0,0
BCW-200053,9,0,0,1,0,0,0,0,2,0,0,4,0,2,0,1,0,0,7,2,5,0,1,0,1,0,0,0
BCW-200054,6,0,0,0,0,0,0,0,1,0,0,3,0,2,0,1,0,0,3,0,1,0,0,0,0,0,0,0
BCW-200055,6,0,0,0,0,0,0,0,1,0,0,3,0,2,0,1,0,0,3,0,1,0,0,0,0,0,0,0
BCW-200056,0,0,0,0,0,0,0,0,0,0,0,2,0,0,0,0,0,0,0,0,0,0,0,0,0,0,0,0
BCW-200057,3,0,0,0,1,0,0,0,0,0,0,5,0,4,1,1,0,0,0,0,3,0,0,0,0,0,1,0
BCW-200058,0,0,0,0,0,0,0,0,0,0,0,2,0,0,0,0,0,0,0,0,0,0,0,0,0,0,0,0
BCW-200060,11,0,0,1,0,0,0,0,2,0,0,3,0,2,0,1,0,0,5,2,3,0,1,0,0,0,0,0
BCW-200061,5,0,0,0,0,0,0,2,2,0,0,5,0,2,0,1,1,0,2,0,0,0,0,0,0,0,0,0
BCW-200063,3,0,0,0,1,0,0,0,0,0,0,4,0,4,0,1,0,0,0,0,4,0,0,0,0,0,1,0
BCW-200064,6,0,0,0,0,0,0,0,1,0,0,3,0,2,0,1,0,0,3,0,1,0,0,0,0,0,0,0
BCW-200065,0,0,0,0,0,0,0,0,0,0,0,4,0,0,0,0,0,0,0,0,0,0,0,0,0,0,0,0
BCW-200066,3,0,0,1,0,0,0,0,1,0,0,2,0,3,0,0,1,0,1,0,2,0,0,0,0,0,0,0
BCW-200067,3,0,0,1,1,0,0,0,0,0,0,3,1,2,0,1,1,0,0,0,2,0,1,0,0,0,0,0
BCW-200068,0,0,0,0,0,0,0,0,0,0,0,4,0,0,0,0,0,0,0,0,0,0,0,0,0,0,0,0
BCW-200069,10,0,0,1,0,0,0,0,1,0,0,4,0,2,0,1,0,0,6,2,4,0,1,0,0,0,0,0
BCW-200070,10,0,0,1,0,0,0,0,1,0,0,4,0,2,0,1,0,0,6,2,3,0,2,0,0,0,0,0
BCW-200071,7,0,0,0,0,0,0,0,1,0,0,2,0,3,0,1,0,0,3,0,3,0,0,0,0,0,0,0
BCW-200072,10,0,0,1,0,0,0,0,1,0,0,4,0,2,0,1,0,0,6,2,3,0,2,0,0,0,0,0
BCW-200073,0,0,0,0,0,0,0,1,0,0,0,2,0,0,0,0,0,0,0,0,0,0,0,0,0,0,0,0
BCW-200074,10,0,1,0,0,0,0,0,1,0,0,1,0,0,0,0,1,0,1,0,3,0,0,0,0,1,1,0
BCW-200077,8,0,1,0,0,0,0,0,1,0,0,1,0,0,0,0,1,0,0,0,1,0,0,0,0,1,1,0
BCW-200079,8,0,1,0,0,0,0,0,1,0,0,1,0,0,0,0,1,0,0,0,1,0,0,0,0,1,1,0
BCW-200080,9,0,1,0,0,0,0,0,1,0,0,2,0,0,0,1,1,0,0,0,2,0,1,0,0,1,1,0
BCW-200081,0,0,0,0,0,0,0,0,0,0,0,1,0,0,0,0,0,0,0,0,0,0,0,0,0,0,0,0
BCW-200082,7,0,0,1,0,0,0,0,1,0,0,3,0,5,0,1,1,0,3,1,2,0,1,0,0,0,0,0
BCW-200083,9,0,0,1,0,0,0,0,1,0,0,4,0,2,0,1,0,0,6,3,4,0,1,0,0,0,0,0
BCW-200084,9,0,0,1,0,0,0,0,1,0,0,4,0,2,0,1,0,0,6,3,4,0,1,0,0,0,0,0
BCW-200085,7,0,0,1,0,0,0,0,2,0,0,5,0,4,0,2,0,0,6,0,1,0,0,0,1,0,0,0
BCW-200086,9,0,0,1,0,0,0,0,1,0,0,4,0,2,0,1,0,0,6,3,4,0,1,0,0,0,0,0
BCW-200087,11,0,0,1,1,0,0,0,3,0,0,6,0,3,0,1,1,0,10,3,5,0,1,0,0,0,0,0
BCW-200089,0,0,0,0,0,0,0,0,0,0,0,1,0,0,0,0,0,0,0,0,0,0,0,0,0,0,3,0
BCW-200091,0,0,0,0,0,0,0,0,0,0,0,1,0,0,0,0,0,0,0,0,0,0,0,0,0,0,1,0
BCW-200092,6,0,0,0,0,0,0,0,1,0,0,3,0,2,0,1,0,0,3,0,2,0,1,0,0,0,0,0
BCW-200093,9,0,0,1,0,0,0,0,1,0,0,5,0,2,0,1,0,0,7,4,4,0,1,0,0,0,0,0
BCW-200094,7,0,0,0,0,0,0,0,1,0,0,3,0,5,0,1,1,0,4,1,1,0,1,0,0,0,0,0
BCW-200095,7,0,0,0,0,0,0,0,1,0,0,3,0,2,0,1,0,0,3,0,2,0,1,0,0,0,0,0
BCW-200096,10,0,0,1,0,0,0,0,1,0,0,4,0,2,0,1,2,0,6,2,4,0,1,0,0,0,0,0
BCW-200097,0,0,0,0,0,0,0,0,0,0,0,1,0,0,0,0,0,0,0,0,0,0,0,0,0,0,0,0
BCW-200098,5,0,0,0,0,0,0,0,3,0,0,4,0,3,0,2,0,0,3,0,1,0,1,0,1,0,0,0
BCW-200099,10,0,0,1,0,0,0,0,1,0,0,4,0,2,0,1,2,0,6,2,4,0,1,0,0,0,0,0
BCW-200100,0,0,0,0,0,0,0,0,0,0,0,1,0,0,0,0,0,0,0,0,0,0,0,0,0,0,0,0
BCW-200101,0,0,0,0,0,0,0,0,0,0,0,1,0,0,0,0,0,0,0,0,0,0,0,0,0,0,0,0
BCW-200102,7,0,0,0,0,0,0,0,1,0,0,3,0,2,0,1,0,0,3,0,2,0,1,0,0,0,0,0
BCW-200103,0,0,0,0,0,0,0,0,0,0,0,5,0,0,0,0,0,0,0,0,2,0,0,0,0,1,3,1
BCW-200104,8,0,0,1,0,0,0,0,1,0,0,3,0,2,0,1,1,0,3,1,2,0,2,0,0,0,0,0
BCW-200105,0,0,0,0,0,0,0,0,0,0,0,1,0,0,0,0,0,0,0,0,0,0,0,0,0,0,0,0
BCW-200106,9,0,0,0,0,0,0,0,1,0,0,4,0,1,0,1,0,0,6,1,3,0,1,0,0,0,0,0
BCW-200107,6,0,0,0,0,0,0,0,2,0,0,3,0,3,0,1,0,0,3,0,1,0,1,0,1,0,0,0
BCW-200108,7,0,0,1,0,0,0,0,1,0,0,4,0,2,0,1,0,0,3,0,2,0,1,0,0,0,0,0
BCW-200109,7,0,0,0,0,0,0,0,1,0,0,3,0,2,0,1,0,0,3,0,2,0,1,0,0,0,0,0
BCW-200111,4,0,0,0,0,0,0,0,2,0,0,2,0,2,0,0,0,0,4,0,1,0,1,0,1,0,0,0
BCW-200112,0,0,0,0,0,0,0,0,0,0,0,1,0,0,0,0,0,0,0,0,0,0,0,0,0,0,0,0
BCW-200113,9,0,0,2,0,0,0,0,1,0,0,4,0,2,0,1,0,0,6,2,4,0,1,0,0,0,0,0
BCW-200114,6,0,0,0,0,0,0,0,2,0,0,2,0,1,0,0,0,0,5,0,0,0,0,0,1,0,0,0
BCW-200115,0,0,0,0,0,0,0,0,1,0,0,2,0,0,0,0,0,0,0,0,0,0,0,0,0,0,0,0
BCW-200116,0,0,0,0,0,0,0,0,0,0,0,1,0,0,0,0,0,0,0,0,0,0,0,0,0,0,0,0
BCW-200117,9,0,0,0,0,0,0,0,1,0,0,4,0,1,0,1,0,0,6,1,3,0,1,0,0,0,0,0
BCW-200118,0,0,0,0,0,0,0,0,0,0,0,1,0,0,0,0,0,0,0,0,0,0,0,0,0,0,0,0
BCW-200119,0,0,0,0,0,0,0,0,0,0,0,1,0,0,0,0,0,0,0,0,0,0,0,0,0,0,0,0
BCW-200120,9,0,0,0,0,0,0,0,1,0,0,4,0,1,0,1,0,0,6,1,3,0,1,0,0,0,0,0
BCW-200121,7,0,1,0,0,0,0,0,1,0,0,1,0,0,0,0,1,0,0,0,1,0,0,0,0,1,1,0
BCW-200122,7,0,0,0,0,0,0,0,1,0,0,3,0,2,0,1,0,0,3,0,2,0,1,0,0,0,0,0
BCW-200123,9,0,0,2,0,0,0,0,1,0,0,4,0,2,0,1,0,0,6,2,4,0,1,0,0,0,0,0
BCW-200124,9,0,0,2,0,0,0,0,1,0,0,4,0,2,0,1,0,0,6,2,4,0,1,0,0,0,0,0
BCW-200126,18,0,1,0,0,0,0,0,2,0,0,4,0,2,0,0,1,0,3,1,2,0,0,0,0,1,1,0
BCW-200127,14,0,1,2,0,0,0,0,2,0,0,5,0,3,0,1,1,0,6,2,6,0,2,0,1,1,1,0
BCW-200128,7,0,1,0,0,0,0,0,1,0,0,1,0,0,0,0,2,0,0,0,1,0,0,0,0,0,1,0
BCW-200129,9,0,0,2,0,0,0,0,1,0,0,4,0,2,0,1,0,0,6,2,4,0,1,0,0,0,0,0
BCW-200130,25,0,1,1,0,0,0,0,1,0,4,8,1,3,2,3,4,0,5,5,10,0,1,0,0,0,1,0
BCW-200131,13,0,0,0,0,0,0,0,3,0,0,4,0,3,0,1,0,0,3,0,2,0,1,0,1,1,1,0
BCW-200132,9,0,0,2,0,0,0,0,1,0,0,4,0,2,0,1,0,0,6,2,4,0,1,0,0,0,0,0
BCW-200133,7,0,0,0,0,0,0,0,1,0,0,3,0,2,0,1,0,0,3,0,2,0,1,0,0,0,0,0
BCW-200134,10,0,0,0,0,0,0,0,2,0,0,3,0,1,0,1,0,0,6,1,2,0,2,0,0,0,0,0
BCW-200135,10,0,0,2,0,0,0,0,1,0,0,5,0,2,0,1,0,0,6,2,5,0,1,0,0,0,0,0
BCW-200136,9,0,0,2,0,0,0,0,1,0,0,4,0,2,0,1,0,0,6,2,4,0,1,0,0,0,0,0
BCW-200137,9,0,0,2,0,0,0,0,1,0,0,4,0,2,0,1,0,0,6,2,4,0,1,0,0,0,0,0
BCW-200138,7,0,1,0,0,0,0,0,1,0,0,1,0,0,0,0,2,0,0,0,1,0,0,0,0,0,1,0
BCW-200139,10,0,0,0,0,0,0,0,2,0,0,4,0,1,0,1,0,0,6,1,3,0,2,0,0,0,0,0
BCW-200140,14,0,0,3,0,0,0,0,1,0,0,7,0,4,0,2,0,0,9,2,6,0,2,0,0,0,0,0
BCW-200141,11,0,0,0,0,0,0,0,1,0,0,3,0,2,0,0,0,0,3,1,1,0,0,0,0,0,0,0
BCW-200142,9,0,0,0,0,0,0,0,1,0,0,4,0,1,0,1,0,0,6,1,3,0,1,0,0,0,0,0
BCW-200143,6,0,0,1,0,0,0,0,2,0,0,3,0,3,0,1,1,0,2,1,1,0,2,0,1,0,0,0
BCW-200144,6,0,0,1,0,0,0,0,2,0,0,3,0,3,0,1,1,0,2,1,1,0,2,0,1,0,0,0
BCW-200145,6,0,0,1,1,0,0,0,1,0,0,4,0,4,0,1,0,0,1,1,1,0,1,0,0,0,0,0
BCW-200146,6,0,0,1,0,0,0,0,2,0,0,3,0,3,0,1,1,0,2,1,1,0,2,0,1,0,0,0
BCW-200147,10,0,0,0,0,0,0,0,2,0,0,3,0,1,0,1,0,0,6,1,3,0,2,0,0,0,0,0
BCW-200148,10,0,0,0,0,0,0,0,2,0,0,4,0,1,0,1,0,0,6,1,3,0,3,0,0,0,0,0
BCW-200149,6,0,0,1,0,0,0,0,2,0,0,3,0,3,0,1,1,0,2,1,1,0,2,0,1,0,0,0
BCW-200150,7,0,1,0,0,0,0,0,1,0,0,1,0,0,0,0,1,0,0,0,1,0,0,0,0,0,1,0
BCW-200151,6,0,0,1,1,0,0,0,2,0,0,4,0,4,0,1,0,0,1,1,1,0,1,0,1,0,0,0
BCW-200152,6,0,0,1,0,0,0,0,2,0,0,3,0,3,0,1,1,0,2,1,1,0,2,0,1,0,0,0
BCW-200153,0,0,0,0,0,0,0,0,0,0,0,5,0,0,0,0,0,0,0,0,3,0,1,0,0,1,3,1
BCW-200154,0,0,0,0,0,0,0,0,0,0,0,5,0,0,0,0,0,0,0,0,3,0,1,0,0,1,3,1
BCW-200155,6,0,0,1,1,0,0,0,1,0,0,4,0,4,0,1,0,0,1,1,1,0,1,0,0,0,0,0
BCW-200156,10,0,0,0,0,0,0,0,2,0,0,4,0,1,0,1,0,0,6,1,3,0,2,0,0,0,0,0
BCW-200157,6,0,0,1,1,0,0,0,2,0,0,4,0,4,0,1,0,0,1,1,1,0,1,0,1,0,0,0
BCW-200158,7,1,1,0,0,0,1,0,0,0,0,1,0,1,0,0,1,0,0,0,1,0,0,0,0,1,1,0
BCW-200159,7,1,1,0,0,0,1,0,0,0,0,1,0,1,0,0,1,0,0,0,1,0,0,0,0,1,1,0
BCW-200160,7,1,1,0,0,0,1,0,0,0,0,1,0,1,0,0,1,0,0,0,1,0,0,0,0,1,1,0
BCW-200161,9,0,0,0,0,0,0,0,1,0,0,4,0,1,0,1,0,0,6,1,3,0,1,0,0,0,0,0
BCW-200162,10,0,0,1,0,0,0,0,1,0,0,2,0,1,0,1,1,0,3,1,2,0,0,0,0,0,0,0
BCW-200163,7,1,1,0,0,0,1,0,0,0,0,1,0,1,0,0,1,0,0,0,1,0,0,0,0,1,1,0
BCW-200164,9,0,0,0,0,0,0,0,1,0,0,4,0,1,0,1,0,0,6,1,3,0,1,0,0,0,0,0
BCW-200165,9,0,0,0,0,0,0,0,1,0,0,4,0,1,0,1,0,0,6,1,3,0,1,0,0,0,0,0
BCW-200166,13,0,0,2,0,0,0,1,1,0,0,5,2,2,0,1,0,0,9,2,7,0,2,0,0,0,0,0
BCW-200167,9,0,0,2,0,0,0,0,1,0,0,4,0,2,0,1,0,0,6,2,4,0,1,0,0,0,0,0
BCW-200168,11,0,0,1,0,0,0,0,2,0,1,2,0,2,0,1,1,0,3,2,2,0,1,0,0,0,0,0
BCW-200169,9,0,0,0,0,0,0,0,1,0,0,4,0,1,0,1,0,0,6,1,3,0,1,0,0,0,0,0
BCW-200170,10,0,0,0,0,0,0,0,2,0,0,4,0,1,0,1,0,0,6,1,3,0,2,0,0,0,0,0
BCW-200171,9,0,0,0,0,0,0,0,1,0,0,4,0,1,0,1,0,0,6,1,3,0,1,0,0,0,0,0
BCW-200172,9,0,0,2,0,0,0,0,1,0,0,4,0,2,0,1,0,0,6,2,4,0,1,0,0,0,0,0
BCW-200174,7,1,1,0,0,0,1,0,0,0,0,1,0,1,0,0,1,0,0,0,1,0,0,0,0,1,1,0
BCW-200175,7,0,1,0,0,0,0,0,1,0,0,1,0,0,0,0,2,0,0,0,1,0,0,0,0,0,1,0
BCW-200176,7,0,0,1,0,0,0,0,2,0,0,2,0,1,0,1,0,0,3,1,2,0,0,0,1,0,0,0
BCW-200177,9,0,0,2,0,0,0,0,1,0,0,4,0,2,0,1,0,0,6,2,4,0,1,0,0,0,0,0
BCW-200178,12,0,0,0,0,0,0,0,2,0,0,3,0,1,0,1,0,0,6,1,2,0,2,0,0,0,0,0
BCW-200179,18,0,1,0,0,0,0,0,2,0,0,4,0,2,0,0,2,0,3,1,2,0,0,0,0,0,1,0
BCW-200180,8,0,1,0,0,0,0,0,1,0,0,1,0,0,0,0,1,0,0,0,1,0,0,0,0,1,1,0
BCW-200181,11,0,0,0,0,0,0,0,1,0,0,3,0,2,0,0,0,0,3,1,1,0,0,0,0,0,0,0
BCW-200182,10,0,0,0,0,0,0,0,2,0,0,4,0,1,0,1,0,0,6,1,3,0,2,0,0,0,0,0
BCW-200183,11,0,0,0,0,0,0,0,1,0,0,3,0,2,0,0,0,0,3,1,1,0,0,0,0,0,0,0
BCW-200184,10,0,0,0,0,0,0,0,2,0,0,4,0,1,0,1,0,0,6,1,3,0,2,0,0,0,0,0
BCW-200185,7,0,0,0,0,0,0,0,1,0,0,3,0,2,0,1,0,0,3,0,2,0,1,0,0,0,0,0
BCW-200186,8,0,0,0,0,0,0,0,1,0,0,3,0,1,0,0,0,0,7,1,2,0,2,0,0,0,0,0
BCW-200187,11,0,0,0,0,0,0,0,1,0,0,3,0,2,0,0,0,0,3,1,1,0,0,0,0,0,0,0
BCW-200188,9,0,1,0,0,0,0,0,1,0,0,1,0,0,0,0,2,0,0,0,2,0,0,0,0,0,1,0
BCW-200189,21,0,0,0,0,0,0,0,3,0,0,7,0,3,0,1,0,0,10,2,4,0,2,0,0,0,0,0
BCW-200191,10,0,0,0,0,0,0,0,2,0,0,4,0,1,0,1,0,0,7,1,3,0,2,0,0,0,0,0
BCW-200192,9,0,1,0,0,0,0,0,1,0,0,1,0,0,0,0,2,0,0,0,2,0,0,0,0,0,1,0
BCW-200193,7,0,0,0,0,0,0,0,1,0,0,3,0,2,0,1,0,0,3,0,2,0,1,0,0,0,0,0
BCW-200194,11,0,0,0,0,0,0,0,1,0,0,3,0,2,0,0,0,0,3,1,1,0,0,0,0,0,0,0
BCW-200195,10,0,0,0,0,0,0,0,2,0,0,3,0,1,0,1,0,0,6,1,3,0,2,0,0,0,0,0
BCW-200196,9,0,1,0,0,0,0,0,1,0,0,1,0,0,0,0,2,0,0,0,2,0,0,0,0,0,1,0
BCW-200197,11,0,0,0,0,0,0,0,1,0,0,3,0,2,0,0,0,0,3,1,1,0,0,0,0,0,0,0
BCW-200198,8,1,1,0,0,0,0,0,1,0,0,1,0,0,0,0,1,0,0,0,1,0,0,0,0,1,1,0
BCW-200199,10,0,0,0,0,0,0,0,2,0,0,3,0,1,0,1,0,0,6,1,3,0,2,0,0,0,0,0
BCW-200200,10,0,0,0,0,0,0,0,2,0,0,4,0,1,0,1,0,0,6,1,3,0,2,0,0,0,0,0
BCW-200201,10,0,0,0,0,0,0,0,2,0,0,4,0,1,0,1,0,0,6,1,3,0,2,0,0,0,0,0
BCW-200202,0,0,0,0,0,0,0,0,0,0,0,3,0,0,0,0,0,0,0,0,0,0,0,0,0,0,2,1
BCW-200203,10,0,0,1,0,0,0,0,1,0,0,4,0,2,0,1,0,0,6,2,4,0,2,0,0,0,0,0
BCW-200204,10,0,0,0,0,0,0,0,2,0,0,3,0,1,0,1,0,0,6,1,3,0,2,0,0,0,0,0
BCW-200205,17,0,0,0,0,0,0,0,1,0,0,4,0,4,0,1,0,0,5,0,3,0,0,0,0,0,0,0
BCW-200206,7,0,0,0,0,0,0,0,1,0,0,3,0,2,0,1,0,0,3,0,2,0,1,0,0,0,0,0
BCW-200207,6,0,0,0,0,0,0,0,1,0,0,5,0,2,0,1,0,0,3,0,2,0,1,0,0,0,2,1
BCW-200208,1,0,0,0,0,0,0,2,0,0,0,1,0,1,0,0,0,0,2,0,0,0,0,0,0,0,0,0
BCW-200209,1,0,0,1,0,0,0,0,0,0,1,1,0,2,1,0,0,0,0,0,1,0,0,0,0,0,0,0
BCW-200210,11,0,0,0,0,0,0,0,1,0,0,3,0,2,0,0,0,0,3,1,1,0,0,0,0,0,0,0
BCW-200211,0,0,0,0,0,0,0,0,0,0,0,2,0,0,0,0,0,0,0,0,0,0,0,0,0,0,0,0
BCW-200212,0,0,0,0,0,0,0,0,0,0,0,1,0,1,0,0,0,0,0,0,0,0,0,0,0,0,0,0
BCW-200213,6,0,0,1,0,0,0,0,2,0,0,3,0,3,0,1,1,0,2,1,1,0,2,0,1,0,0,0
BCW-200214,11,0,0,0,0,0,0,0,1,0,0,3,0,2,0,0,0,0,3,1,1,0,0,0,0,0,0,0
BCW-200215,1,0,0,0,0,0,0,4,0,0,0,2,0,1,0,0,0,0,2,0,0,0,0,0,0,0,0,0
BCW-200216,7,0,0,0,0,0,0,0,1,0,0,3,0,2,0,1,0,0,3,0,2,0,1,0,0,0,0,0
BCW-200217,10,0,0,1,0,0,0,0,1,0,0,4,0,2,0,1,0,0,6,2,3,0,2,0,0,0,0,0
BCW-200218,7,0,0,0,0,0,0,0,2,0,0,3,0,2,0,1,0,0,3,0,1,0,1,0,1,0,0,0
BCW-200219,7,0,0,0,0,0,0,0,2,0,0,3,0,2,0,1,0,0,3,0,1,0,1,0,1,0,0,0
BCW-200221,10,0,0,0,0,0,0,0,2,0,0,4,0,1,0,1,0,0,6,1,3,0,2,0,0,0,0,0
BCW-200222,0,0,0,0,0,0,0,0,0,0,0,2,0,0,0,0,0,0,0,0,0,0,0,0,0,0,1,1
BCW-200223,10,0,0,0,0,0,0,0,1,0,0,4,0,1,0,1,0,0,6,1,3,0,2,0,0,0,0,0
BCW-200224,10,0,0,0,0,0,0,0,2,0,0,4,0,1,0,1,0,0,7,1,3,0,2,0,0,0,0,0
BCW-200225,10,0,0,0,0,0,0,0,2,0,0,4,0,1,0,1,0,0,6,1,3,0,2,0,0,0,0,0
BCW-200226,11,0,0,0,0,0,0,0,1,0,0,3,0,2,0,0,0,0,3,1,1,0,0,0,0,0,0,0
BCW-200227,11,0,0,0,0,0,0,0,1,0,0,3,0,2,0,0,0,0,3,1,1,0,0,0,0,0,0,0
BCW-200228,10,0,0,0,0,0,0,0,2,0,0,4,0,1,0,1,0,0,6,1,3,0,2,0,0,0,0,0
BCW-200229,7,1,1,0,0,0,0,0,1,0,0,1,0,0,0,0,1,0,0,0,1,0,0,0,0,1,1,0
BCW-200230,10,0,0,0,0,0,0,0,2,0,0,4,0,1,0,1,0,0,7,1,3,0,2,0,0,0,0,0
BCW-200231,7,0,0,1,0,0,0,0,2,0,0,2,0,3,0,1,2,0,3,0,2,0,1,0,0,0,0,0
BCW-200232,9,0,1,0,0,0,0,0,1,0,0,1,0,0,0,0,2,0,0,0,2,0,0,0,0,0,1,0
BCW-200233,10,0,0,0,0,0,0,0,2,0,0,4,0,1,0,1,0,0,6,1,3,0,2,0,0,0,0,0
BCW-200234,10,0,0,0,0,0,0,0,2,0,0,3,0,1,0,1,0,0,6,1,3,0,2,0,0,0,0,0
BCW-200235,10,0,0,0,0,0,0,0,2,0,0,3,0,1,0,1,0,0,6,1,2,0,2,0,0,0,0,0
BCW-200236,10,0,0,0,0,0,0,0,2,0,0,3,0,1,0,1,0,0,6,1,3,0,2,0,0,0,0,0
BCW-200237,10,0,0,0,0,0,0,0,2,0,0,4,0,1,0,1,0,0,6,1,3,0,2,0,0,0,0,0
BCW-200238,9,0,1,0,0,0,0,0,1,0,0,1,0,0,0,0,2,0,0,0,2,0,0,0,0,0,1,0
BCW-200239,10,0,0,0,0,0,0,0,2,0,0,4,0,1,0,1,0,0,7,1,3,0,2,0,0,0,0,0
BCW-200240,10,0,0,0,0,0,0,0,2,0,0,4,0,1,0,1,0,0,6,1,2,0,2,0,0,0,0,0
BCW-200241,7,1,1,0,0,0,0,0,1,0,0,1,0,0,0,0,1,0,0,0,1,0,0,0,0,1,1,0
BCW-200242,15,0,0,2,0,0,0,0,2,0,0,7,0,5,0,2,0,0,9,2,5,0,2,0,1,0,0,0
BCW-200243,16,0,0,2,0,0,0,0,1,0,0,6,0,4,0,2,0,0,8,1,6,0,2,0,0,0,0,0
BCW-200266,0,0,0,0,0,0,0,0,0,0,0,5,0,0,0,0,0,0,0,0,3,0,1,0,0,1,3,1
BCW-200267,0,0,0,0,0,0,0,0,0,0,0,4,0,0,0,0,0,0,0,0,0,0,0,0,0,0,0,0
BCW-200268,7,0,0,0,0,0,0,0,1,0,0,3,0,4,0,1,2,0,4,1,1,0,1,0,0,0,0,0
BCW-200269,8,0,0,0,0,0,0,0,1,0,0,2,0,3,0,1,0,0,2,0,3,0,0,0,0,0,0,0
BCW-200270,8,0,0,0,0,0,0,0,1,0,0,2,0,3,0,1,0,0,2,0,3,0,0,0,0,0,0,0
BCW-200271,8,0,0,0,0,0,0,0,1,0,0,2,0,3,0,1,0,0,2,0,3,0,0,0,0,0,0,0
BCW-200272,6,0,0,1,1,0,0,0,1,0,0,4,0,3,0,1,0,0,1,1,1,0,1,0,0,0,0,0
BCW-200274,10,0,0,1,0,0,0,0,2,0,0,2,0,3,0,1,0,0,2,0,4,0,1,0,0,0,0,0
BCW-200275,8,0,0,0,0,0,0,0,1,0,0,2,0,3,0,1,0,0,2,0,3,0,0,0,0,0,0,0
BCW-200276,8,0,0,1,0,0,0,0,1,0,0,3,0,1,0,1,0,0,3,1,3,0,0,0,0,0,0,0
BCW-200279,6,0,0,0,0,0,0,0,2,0,0,3,0,3,0,0,1,0,3,0,1,0,1,0,1,0,0,0
BCW-200281,9,0,0,1,0,0,0,0,1,0,0,4,0,1,0,1,0,0,6,2,3,0,1,0,0,0,0,0
BCW-200290,0,0,0,0,0,0,0,0,0,0,0,2,0,0,0,0,0,0,0,0,0,0,0,0,0,0,0,0
BCW-200294,10,0,0,1,0,0,0,0,1,0,0,4,0,2,0,1,0,0,6,2,3,0,2,0,0,0,0,0
BCW-200302,10,0,0,1,0,0,0,0,2,0,0,2,0,1,0,1,1,0,3,1,2,0,0,0,0,0,0,0
BCW-200307,10,0,0,1,0,0,0,0,2,0,0,2,0,1,0,1,1,0,3,1,2,0,0,0,0,0,0,0
BCW-200308,10,0,0,1,0,0,0,0,2,0,0,2,0,1,0,1,1,0,3,1,2,0,0,0,0,0,0,0
BCW-200311,8,0,0,1,0,0,0,0,1,0,0,3,0,1,0,1,0,0,6,2,3,0,2,0,0,0,0,0
BCW-200312,34,0,1,1,0,1,0,0,1,0,4,7,1,6,2,2,5,2,7,6,10,0,1,0,0,0,1,0
BCW-200315,5,0,0,0,0,0,0,0,2,0,0,2,0,1,0,0,0,0,5,0,0,0,0,0,1,0,0,0
BCW-200317,7,0,0,0,0,0,0,0,1,0,0,3,0,2,0,1,0,0,3,0,2,0,1,0,0,0,0,0
BCW-200319,4,0,0,0,0,0,0,0,1,0,0,2,0,1,0,0,0,0,1,0,1,0,1,0,0,0,0,0
BCW-200327,6,0,0,0,0,0,0,0,2,0,0,2,0,1,0,0,0,0,5,0,0,0,0,0,1,0,0,0
BCW-200328,1,0,0,0,0,0,0,2,0,0,0,2,0,1,0,0,0,0,2,0,0,0,1,0,0,0,0,0
BCW-200432,0,0,0,0,0,0,0,0,0,0,0,2,0,0,0,0,0,0,0,0,0,0,0,0,0,0,0,0
BCW-200436,0,0,0,0,0,0,0,0,0,0,0,2,0,0,0,0,0,0,0,0,0,0,0,0,0,0,0,0
BCW-200437,9,0,0,1,0,0,0,0,1,0,0,4,0,1,0,1,0,0,6,2,3,0,1,0,0,0,0,0
BCW-200438,8,0,0,1,0,0,0,0,1,0,0,3,0,2,0,1,0,0,6,2,3,0,2,0,0,0,0,0
BCW-200440,9,0,0,1,0,0,0,0,1,0,0,4,0,1,0,1,0,0,6,2,3,0,1,0,0,0,0,0
BCW-200442,9,0,0,1,0,0,0,0,1,0,0,4,0,1,0,1,0,0,6,2,3,0,1,0,0,0,0,0
BCW-200443,0,0,0,0,0,0,0,0,0,0,0,2,0,0,0,0,0,0,0,0,0,0,0,0,0,0,0,0
BCW-200444,9,0,0,1,0,0,0,0,1,0,0,4,0,1,0,1,0,0,6,2,3,0,1,0,0,0,0,0
BCW-200446,9,0,0,1,0,0,0,0,1,0,0,4,0,1,0,1,0,0,6,2,3,0,1,0,0,0,0,0
BCW-200449,8,0,0,1,0,0,0,0,1,0,0,4,0,1,0,1,0,0,6,2,4,0,1,0,0,0,0,0
BCW-200458,0,0,0,0,0,0,0,0,0,0,0,2,0,0,0,0,0,0,0,0,0,0,0,0,0,0,0,0
BCW-200460,0,0,0,0,0,0,0,0,0,0,0,2,0,0,0,0,0,0,0,0,0,0,0,0,0,0,0,0
BCW-200462,10,0,0,1,0,0,0,0,1,0,0,4,0,2,0,1,0,0,6,2,3,0,2,0,0,0,0,0
BCW-200464,1,0,0,1,0,0,0,2,0,0,0,1,0,1,0,0,0,0,2,0,0,0,0,0,0,0,0,0
BCW-200465,1,0,0,0,0,0,0,2,0,0,0,1,0,1,0,0,0,0,2,0,0,0,0,0,0,0,0,0
BCW-200470,10,0,0,1,0,0,0,0,1,0,0,4,0,2,0,1,0,0,6,2,3,0,2,0,0,0,0,0
BCW-200471,0,0,0,0,0,0,0,0,0,0,0,3,0,0,0,0,0,0,0,0,0,0,0,0,0,0,0,0
BCW-200473,8,0,0,0,0,0,0,0,1,0,0,2,0,3,0,1,0,0,2,0,3,0,0,0,0,0,0,0
BCW-200476,0,0,0,0,0,0,0,0,0,0,0,4,0,0,0,0,0,0,0,0,0,0,0,0,0,0,0,0
BCW-200477,0,0,0,0,0,0,0,0,0,0,0,2,0,0,0,0,0,0,0,0,0,0,1,0,0,0,0,0
BCW-200488,8,0,0,1,0,0,0,0,1,0,0,4,0,1,0,1,0,0,6,2,4,0,1,0,0,0,0,0
BCW-200496,8,0,0,1,0,0,0,0,1,0,0,4,0,1,0,1,0,0,6,2,4,0,1,0,0,0,0,0
BCW-200497,0,0,0,0,0,0,0,0,0,0,0,4,0,0,0,0,0,0,0,0,0,0,0,0,0,0,0,0
BCW-200498,0,0,0,0,0,0,0,0,0,0,0,4,0,0,0,0,0,0,0,0,0,0,0,0,0,0,0,0
BCW-200499,8,0,0,1,0,0,0,0,1,0,0,4,0,1,0,1,0,0,6,2,4,0,1,0,0,0,0,0
BCW-200505,10,0,0,1,0,0,0,0,1,0,0,4,0,2,0,1,0,0,6,2,3,0,2,0,0,0,0,0
BCW-200508,13,0,0,2,0,0,0,0,2,0,0,5,0,1,0,1,0,0,7,2,5,0,1,0,0,0,0,0
BCW-200509,9,0,0,1,0,0,0,0,1,0,0,2,0,1,0,1,1,0,3,1,2,0,0,0,0,0,0,0
BCW-200514,8,0,0,1,0,0,0,0,1,0,0,4,0,1,0,1,0,0,6,2,4,0,1,0,0,0,0,0
BCW-200516,9,0,0,1,0,0,0,0,1,0,0,4,0,1,0,1,1,0,3,1,2,0,0,0,0,0,0,0
BCW-200517,9,0,0,1,0,0,0,0,1,0,0,2,0,1,0,1,1,0,3,1,2,0,0,0,0,0,0,0
BCW-200521,10,0,0,0,0,0,0,0,1,0,0,4,0,1,0,1,0,0,6,1,3,0,2,0,0,0,0,0
BCW-200525,8,0,0,0,0,0,0,0,1,0,0,4,0,1,0,1,0,0,6,1,3,0,1,0,0,0,0,0
BCW-200526,5,0,0,0,1,0,0,0,2,0,0,9,0,2,0,1,0,0,3,0,0,0,0,0,0,0,0,0
BCW-200527,0,0,0,0,0,0,0,0,0,0,0,3,0,0,0,0,0,0,0,0,0,0,0,0,0,0,0,0
BCW-200528,0,0,0,0,0,0,0,0,0,0,0,3,0,0,0,0,0,0,0,0,0,0,0,0,0,0,0,0
BCW-200529,9,0,0,1,0,0,0,0,1,0,0,4,0,3,0,1,0,0,7,2,3,0,2,0,0,0,0,0
BCW-200533,1,0,0,0,0,0,0,0,0,0,0,3,0,0,0,0,0,0,0,0,1,0,2,0,0,0,0,0
BCW-200539,4,0,0,2,0,0,0,0,2,0,0,4,0,2,0,0,0,0,2,0,1,0,1,0,1,0,0,0
BCW-200542,6,0,0,0,0,0,0,0,2,0,0,2,0,1,0,0,0,0,5,0,0,0,0,0,1,0,0,0
BCW-200544,6,0,0,0,0,0,0,0,1,0,0,2,0,1,0,0,0,0,5,0,0,0,0,0,0,0,0,0
BCW-200545,6,0,0,1,1,0,0,0,1,0,0,4,0,4,0,1,1,0,3,1,1,0,1,0,0,0,0,0
BCW-200547,6,0,0,0,0,0,0,0,2,0,0,2,0,1,0,0,0,0,5,0,0,0,0,0,1,0,0,0
BCW-200552,6,0,0,1,1,0,0,0,2,0,0,4,0,4,0,1,0,0,3,1,1,0,1,0,1,0,0,0
BCW-200553,7,0,0,1,0,0,0,0,1,0,0,3,0,2,0,1,0,0,3,1,3,0,0,0,0,0,0,0
BCW-200555,8,0,0,1,0,0,0,0,1,0,0,4,0,1,0,1,0,0,6,2,4,0,1,0,0,0,0,0
BCW-200556,8,0,0,0,0,0,0,0,1,0,0,2,0,3,0,1,0,0,2,0,3,0,0,0,0,0,0,0
BCW-200559,6,0,0,1,1,0,0,0,2,0,0,4,0,4,0,1,0,0,3,1,1,0,1,0,1,0,0,0
BCW-200561,6,0,0,1,1,0,0,0,1,0,0,4,0,3,0,1,0,0,1,1,1,0,1,0,0,0,0,0
BCW-200564,6,0,0,1,1,0,0,0,1,0,0,4,0,4,0,1,1,0,3,1,1,0,1,0,0,0,0,0
BCW-200565,6,0,0,1,1,0,0,0,1,0,0,4,0,4,0,1,1,0,3,1,1,0,1,0,0,0,0,0
BCW-200566,10,0,0,1,0,0,0,0,1,0,0,4,0,2,0,1,0,0,6,2,3,0,2,0,0,0,0,0
BCW-200567,11,0,0,1,0,0,0,0,2,0,1,2,0,4,0,1,1,0,3,2,1,0,1,0,0,0,0,0
BCW-200570,0,0,0,0,0,0,0,0,0,0,0,3,0,0,0,0,0,0,0,0,1,0,1,0,0,0,3,1
BCW-200574,0,0,0,0,0,0,0,0,0,0,0,3,0,0,0,0,0,0,0,0,1,0,1,0,0,0,3,1
BCW-200577,9,0,0,1,0,0,0,0,1,0,0,3,0,2,0,1,0,0,6,2,3,0,2,0,0,0,0,0
BCW-200578,6,0,0,1,1,0,0,0,1,0,0,4,0,4,0,1,1,0,3,1,1,0,1,0,0,0,0,0
BCW-200587,0,0,0,0,0,0,0,0,0,0,0,4,0,0,0,0,0,0,0,0,3,0,1,0,0,1,3,1
BCW-200588,0,0,0,0,0,0,0,0,0,0,0,4,0,0,0,0,0,0,0,0,0,0,0,0,0,0,0,0
BCW-200589,0,0,0,0,0,0,0,0,0,0,0,4,0,0,0,0,0,0,0,0,3,0,1,0,0,1,3,1
BCW-200596,8,0,0,0,0,0,0,0,1,0,0,2,0,3,0,1,0,0,2,0,3,0,0,0,0,0,0,0
BCW-200598,7,0,0,1,0,0,0,0,2,0,0,5,0,3,0,2,0,0,4,0,2,0,1,0,1,0,0,0
BCW-200599,0,0,0,0,0,0,0,0,0,0,0,2,0,0,0,0,0,0,0,0,0,0,0,0,0,0,0,0
BCW-200600,8,0,0,1,0,0,0,0,1,0,0,4,0,2,0,1,0,0,5,2,2,0,1,0,0,0,0,0
BCW-200607,0,0,0,0,0,0,0,0,0,0,0,4,0,0,0,0,0,0,0,0,0,0,0,0,0,0,0,0
BCW-200620,9,0,0,0,0,0,0,0,1,0,0,4,0,1,0,1,0,0,6,1,3,0,1,0,0,0,0,0
BCW-200621,0,0,0,0,0,0,0,0,0,0,0,2,0,0,0,0,0,0,0,0,0,0,0,0,0,0,0,0
BCW-200624,9,0,0,1,0,0,0,0,0,0,0,4,0,1,0,1,0,0,5,1,2,0,2,0,0,0,0,0
BCW-200634,8,0,0,0,0,0,0,0,1,0,0,2,0,3,0,1,0,0,3,0,2,0,1,0,0,0,0,0
BCW-200641,8,0,0,0,0,0,0,0,1,0,0,2,0,3,0,1,0,0,3,0,2,0,1,0,0,0,0,0
BCW-200642,6,0,0,1,1,0,0,0,1,0,0,4,0,4,0,1,1,0,3,1,1,0,1,0,0,0,0,0
BCW-200644,6,0,0,1,1,0,0,0,1,0,0,4,0,4,0,1,1,0,3,1,1,0,1,0,0,0,0,0
BCW-200646,0,0,0,0,0,0,0,0,0,0,0,5,0,0,0,0,0,0,0,0,3,0,1,0,0,1,3,1
BCW-200647,6,0,0,1,1,0,0,0,1,0,0,4,0,4,0,1,1,0,3,1,1,0,1,0,0,0,0,0
BCW-200648,10,0,0,0,0,0,0,0,1,0,0,4,0,1,0,1,0,0,6,1,3,0,2,0,0,0,0,0
BCW-200649,6,0,0,1,1,0,0,0,1,0,0,4,0,4,0,1,1,0,3,1,1,0,1,0,0,0,0,0
BCW-200650,6,0,0,1,1,0,0,0,1,0,0,4,0,4,0,1,1,0,3,1,1,0,1,0,0,0,0,0
BCW-200651,9,0,0,1,0,0,0,0,1,0,0,4,0,2,0,1,1,0,6,2,4,0,1,0,0,0,0,0
BCW-200656,10,0,0,1,0,0,0,0,2,0,0,2,0,3,0,0,0,0,2,2,4,0,1,0,0,0,0,0
BCW-200660,9,0,0,1,0,0,0,0,1,0,0,4,0,2,0,1,1,0,6,2,4,0,1,0,0,0,0,0
BCW-200661,7,0,0,1,0,0,0,0,1,0,0,3,0,2,0,1,0,0,3,1,3,0,0,0,0,0,0,0
BCW-200662,9,0,0,1,0,0,0,0,1,0,0,4,0,2,0,1,1,0,6,2,4,0,1,0,0,0,0,0
BCW-200663,1,0,0,0,0,0,0,2,0,0,0,1,0,1,0,0,0,0,2,0,0,0,0,0,0,0,0,0
BCW-200665,7,0,0,1,0,0,0,0,1,0,0,3,0,2,0,1,0,0,3,1,3,0,0,0,0,0,0,0
BCW-200667,7,0,0,0,0,0,0,0,1,0,0,3,0,2,0,1,0,0,3,0,2,0,1,0,0,0,0,0
BCW-200669,7,0,0,0,0,0,0,0,1,0,0,3,0,2,0,1,0,0,3,0,2,0,1,0,0,0,0,0
BCW-200704,8,0,0,1,0,0,0,0,1,0,0,3,0,1,0,1,0,0,3,1,3,0,0,0,0,0,0,0
BCW-200705,1,0,0,0,0,0,0,2,0,0,0,2,0,1,0,0,0,0,2,0,0,0,1,0,0,0,0,0
BCW-200715,6,0,0,1,1,0,0,0,1,0,0,4,0,4,0,1,1,0,3,1,1,0,1,0,0,0,0,0
BCW-200716,6,0,0,1,1,0,0,0,1,0,0,4,0,4,0,1,1,0,3,1,1,0,1,0,0,0,0,0
BCW-200717,13,1,1,1,1,0,1,0,2,0,0,5,0,4,0,1,3,0,3,1,2,0,1,0,0,1,1,0
BCW-200718,6,0,0,1,1,0,0,0,1,0,0,4,0,4,0,1,1,0,3,1,1,0,1,0,0,0,0,0
BCW-200722,12,0,0,2,1,0,0,0,2,0,0,5,0,7,0,2,2,0,4,2,4,0,3,0,0,0,0,0
BCW-200723,6,0,0,1,1,0,0,0,1,0,0,4,0,4,0,1,1,0,3,1,1,0,1,0,0,0,0,0
BCW-200724,6,0,0,1,1,0,0,0,1,0,0,4,0,4,0,1,1,0,3,1,1,0,1,0,0,0,0,0
BCW-200725,6,0,0,1,1,0,0,0,1,0,0,4,0,4,0,1,1,0,3,1,1,0,1,0,0,0,0,0
BCW-200726,6,0,0,1,1,0,0,0,1,0,0,4,0,4,0,1,1,0,3,1,1,0,1,0,0,0,0,0
BCW-200727,8,0,0,0,0,0,0,0,1,0,0,4,0,1,0,1,0,0,6,1,3,0,1,0,0,0,0,0
BCW-200735,13,1,1,1,1,0,1,0,2,0,0,5,0,4,0,1,3,0,3,1,2,0,1,0,0,1,1,0
BCW-200736,6,0,0,1,1,0,0,0,1,0,0,4,0,4,0,1,1,0,3,1,1,0,1,0,0,0,0,0
BCW-200738,8,0,0,0,0,0,0,0,1,0,0,4,0,1,0,1,0,0,6,1,3,0,1,0,0,0,0,0
BCW-200775,7,0,0,1,0,0,0,0,1,0,0,3,0,2,0,1,0,0,3,1,3,0,0,0,0,0,0,0
BCW-200776,7,0,0,1,0,0,0,0,1,0,0,3,0,2,0,1,0,0,3,1,3,0,0,0,0,0,0,0
BCW-200785,0,0,0,0,0,0,0,0,0,0,0,3,0,0,0,0,0,0,0,0,0,0,0,0,0,0,0,0
BCW-200790,0,0,0,0,0,0,0,0,0,0,0,3,0,0,0,0,0,0,0,0,0,0,0,0,0,0,0,0
BCW-200791,0,0,0,0,0,0,0,0,0,0,0,3,0,0,0,0,0,0,0,0,0,0,0,0,0,0,0,0
BCW-200797,6,0,0,1,1,0,0,0,2,0,0,4,0,4,0,1,0,0,3,1,1,0,1,0,1,0,0,0
BCW-200798,6,0,0,1,1,0,0,0,2,0,0,4,0,4,0,1,0,0,3,1,1,0,1,0,1,0,0,0
BCW-200800,6,0,0,1,1,0,0,0,2,0,0,4,0,4,0,1,0,0,3,1,1,0,1,0,1,0,0,0
BCW-200801,6,0,0,1,1,0,0,0,2,0,0,4,0,4,0,1,0,0,3,1,1,0,1,0,1,0,0,0
BCW-200806,6,0,0,1,1,0,0,0,1,0,0,4,0,3,0,1,0,0,1,1,1,0,1,0,0,0,0,0
BCW-200808,6,0,0,1,1,0,0,0,1,0,0,4,0,3,0,1,0,0,1,1,1,0,1,0,0,0,0,0
BCW-200810,6,0,0,1,1,0,0,0,1,0,0,4,0,3,0,1,0,0,1,1,1,0,1,0,0,0,0,0
BCW-200814,6,0,0,1,1,0,0,0,1,0,0,4,0,4,0,1,1,0,3,1,1,0,1,0,0,0,0,0
BCW-200815,6,0,0,1,1,0,0,0,1,0,0,4,0,4,0,1,1,0,3,1,1,0,1,0,0,0,0,0
BCW-200818,6,0,0,1,1,0,0,0,2,0,0,4,0,4,0,1,0,0,3,1,1,0,1,0,1,0,0,0
BCW-200820,8,0,0,1,0,0,0,0,1,0,0,4,0,1,0,1,0,0,6,2,4,0,1,0,0,0,0,0
BCW-200821,6,0,0,1,1,0,0,0,1,0,0,4,0,4,0,1,1,0,3,1,1,0,1,0,0,0,0,0
BCW-200828,6,0,0,1,1,0,0,0,1,0,0,4,0,4,0,1,1,0,3,1,1,0,1,0,0,0,0,0
BCW-200847,8,0,0,1,0,0,0,0,1,0,0,4,0,1,0,1,0,0,6,2,4,0,1,0,0,0,0,0
BCW-200855,8,0,0,1,0,0,0,0,1,0,0,4,0,1,0,1,0,0,6,2,4,0,1,0,0,0,0,0
BCW-200874,8,0,0,1,0,0,0,0,1,0,0,4,0,1,0,1,0,0,6,2,4,0,1,0,0,0,0,0
BCW-200879,8,0,0,1,0,0,0,0,1,0,0,4,0,1,0,1,0,0,6,2,4,0,1,0,0,0,0,0
BCW-200880,8,0,0,1,0,0,0,0,1,0,0,4,0,1,0,1,0,0,6,2,4,0,1,0,0,0,0,0
BCW-200881,8,0,0,1,0,0,0,0,1,0,0,4,0,1,0,1,0,0,6,2,4,0,1,0,0,0,0,0
BCW-200882,8,0,0,1,0,0,0,0,1,0,0,4,0,1,0,1,0,0,6,2,4,0,1,0,0,0,0,0
BCW-200883,7,0,0,1,0,0,0,0,1,0,0,3,0,3,0,1,2,0,3,1,3,0,2,0,0,0,0,0
BCW-200885,8,0,0,1,0,0,0,0,1,0,0,4,0,1,0,1,0,0,6,2,4,0,1,0,0,0,0,0
BCW-200886,8,0,0,1,0,0,0,0,1,0,0,4,0,1,0,1,0,0,6,2,4,0,1,0,0,0,0,0
BCW-200887,8,0,0,1,0,0,0,0,1,0,0,4,0,1,0,1,0,0,6,2,4,0,1,0,0,0,0,0
BCW-200891,9,0,0,1,0,0,0,0,1,0,0,4,0,1,0,1,0,0,6,2,3,0,1,0,0,0,0,0
BCW-200892,9,0,0,1,0,0,0,0,1,0,0,4,0,1,0,1,0,0,6,2,3,0,1,0,0,0,0,0
BCW-200902,1,0,0,0,0,0,0,2,0,0,0,2,0,1,0,0,0,0,2,0,0,0,1,0,0,0,0,0
BCW-200903,1,0,0,0,0,0,0,2,0,0,0,2,0,1,0,0,0,0,2,0,0,0,1,0,0,0,0,0
BCW-200904,1,0,0,0,0,0,0,2,0,0,0,2,0,1,0,0,0,0,2,0,0,0,1,0,0,0,0,0
BCW-200909,8,0,0,1,0,0,0,0,1,0,0,4,0,1,0,1,0,0,6,2,4,0,1,0,0,0,0,0
BCW-200910,1,0,0,0,0,0,0,2,0,0,0,2,0,1,0,0,0,0,2,0,0,0,1,0,0,0,0,0
BCW-200912,1,0,0,0,0,0,0,2,0,0,0,2,0,1,0,0,0,0,2,0,0,0,1,0,0,0,0,0
BCW-200915,8,0,0,1,0,0,0,0,1,0,0,4,0,1,0,1,0,0,6,2,4,0,1,0,0,0,0,0
BCW-200920,1,0,0,0,0,0,0,2,0,0,0,2,0,1,0,0,0,0,2,0,0,0,1,0,0,0,0,0
BCW-200926,8,0,0,1,0,0,0,0,1,0,0,4,0,1,0,1,0,0,6,2,4,0,1,0,0,0,0,0
BCW-200931,17,0,0,2,1,0,0,0,3,0,1,6,0,8,0,2,2,0,6,3,2,0,2,0,0,0,0,0
BCW-200938,0,0,0,0,0,0,0,0,0,0,0,5,0,0,0,0,0,0,0,0,3,0,1,0,0,1,3,1
BCW-200939,0,0,0,0,0,0,0,0,0,0,0,5,0,0,0,0,0,0,0,0,3,0,1,0,0,1,3,1
BCW-200944,0,0,0,0,0,0,0,0,0,0,0,5,0,0,0,0,0,0,0,0,3,0,1,0,0,1,3,1
BCW-200945,0,0,0,0,0,0,0,0,0,0,0,5,0,0,0,0,0,0,0,0,3,0,1,0,0,1,3,1
BCW-200951,11,0,0,1,0,0,0,0,2,0,1,2,0,4,0,1,1,0,3,2,1,0,1,0,0,0,0,0
BCW-200952,4,0,0,1,0,0,0,0,1,0,0,3,0,2,0,0,1,0,2,0,1,0,0,0,0,0,0,0
BCW-200955,11,0,0,1,0,0,0,0,2,0,1,2,0,4,0,1,1,0,3,2,1,0,1,0,0,0,0,0
BCW-200973,28,0,0,2,0,0,0,0,4,0,1,9,0,7,0,3,1,0,12,4,6,0,3,0,0,0,0,0
BCW-200983,4,0,0,2,0,0,0,0,2,0,0,4,0,2,0,0,0,0,2,0,1,0,1,0,1,0,0,0
BCW-200984,4,0,0,2,0,0,0,0,2,0,0,4,0,2,0,0,0,0,2,0,1,0,1,0,1,0,0,0
BCW-200986,4,0,0,2,0,0,0,0,2,0,0,4,0,2,0,0,0,0,2,0,1,0,1,0,1,0,0,0
BCW-200988,4,0,0,2,0,0,0,0,2,0,0,4,0,2,0,0,0,0,2,0,1,0,1,0,1,0,0,0
BCW-200989,8,0,0,0,0,0,0,0,1,0,0,2,0,3,0,1,0,0,2,0,3,0,0,0,0,0,0,0
BCW-200990,8,0,0,0,0,0,0,0,1,0,0,2,0,3,0,1,0,0,2,0,3,0,0,0,0,0,0,0
BCW-200991,8,0,0,0,0,0,0,0,1,0,0,2,0,3,0,1,0,0,2,0,3,0,0,0,0,0,0,0
BCW-200993,0,0,0,0,0,0,0,0,0,0,0,2,0,1,0,0,0,0,0,1,0,0,0,0,0,0,0,0
BCW-200994,8,0,0,0,0,0,0,0,1,0,0,2,0,3,0,1,0,0,2,0,3,0,0,0,0,0,0,0
BCW-201007,6,0,0,1,1,0,0,0,1,0,0,4,0,4,0,1,1,0,3,1,1,0,1,0,0,0,0,0
BCW-201008,6,0,0,1,1,0,0,0,1,0,0,4,0,4,0,1,1,0,3,1,1,0,1,0,0,0,0,0
BCW-201010,6,0,0,1,1,0,0,0,1,0,0,4,0,4,0,1,1,0,3,1,1,0,1,0,0,0,0,0
BCW-201013,6,0,0,1,1,0,0,0,1,0,0,4,0,4,0,1,1,0,3,1,1,0,1,0,0,0,0,0
BCW-201014,6,0,0,1,1,0,0,0,1,0,0,4,0,4,0,1,1,0,3,1,1,0,1,0,0,0,0,0
BCW-201019,9,0,0,1,0,0,0,0,2,0,0,4,0,2,0,1,0,0,6,2,4,0,1,0,1,0,0,0
BCW-201020,9,0,0,1,0,0,0,0,2,0,0,4,0,2,0,1,0,0,6,2,4,0,1,0,1,0,0,0
BCW-201021,9,0,0,1,0,0,0,0,2,0,0,4,0,2,0,1,0,0,6,2,4,0,1,0,1,0,0,0
BCW-201024,6,0,0,1,1,0,0,0,1,0,0,4,0,4,0,1,1,0,3,1,1,0,1,0,0,0,0,0
BCW-201025,6,0,0,1,1,0,0,0,1,0,0,4,0,4,0,1,1,0,3,1,1,0,1,0,0,0,0,0
BCW-201028,6,0,0,1,1,0,0,0,1,0,0,4,0,4,0,1,1,0,3,1,1,0,1,0,0,0,0,0
BCW-201036,6,0,0,1,1,0,0,0,1,0,0,4,0,4,0,1,1,0,3,1,1,0,1,0,0,0,0,0
BCW-201044,8,0,0,1,0,0,0,0,1,0,0,4,0,1,0,1,0,0,6,2,4,0,1,0,0,0,0,0
BCW-201045,8,0,0,0,0,0,0,0,1,0,0,2,0,3,0,1,0,0,2,0,3,0,0,0,0,0,0,0
BCW-201051,5,0,0,0,1,0,0,0,2,0,0,5,0,2,0,1,0,0,3,0,0,0,0,0,0,0,0,0
BCW-201054,5,0,0,0,1,0,0,0,2,0,0,5,0,2,0,1,0,0,3,0,0,0,0,0,0,0,0,0
BCW-201056,3,0,0,0,0,0,0,0,1,0,0,2,0,2,0,0,0,0,3,0,1,0,0,0,0,0,0,0
BCW-201058,9,0,0,1,0,0,0,0,1,0,0,2,0,3,0,0,0,0,3,1,5,0,0,0,0,0,0,0
BCW-201059,6,0,0,1,1,0,0,0,2,0,0,4,0,4,0,1,0,0,3,1,1,0,1,0,1,0,0,0
BCW-201070,6,0,0,1,1,0,0,0,2,0,0,4,0,4,0,1,0,0,3,1,1,0,1,0,1,0,0,0
BCW-201071,10,0,0,0,0,0,0,0,1,0,0,4,0,1,0,1,0,0,6,1,3,0,2,0,0,0,0,0
BCW-201075,7,0,0,1,0,0,0,0,1,0,0,3,0,2,0,1,0,0,3,1,3,0,0,0,0,0,0,0
BCW-201078,7,0,0,1,0,0,0,0,1,0,0,3,0,2,0,1,0,0,3,1,3,0,0,0,0,0,0,0
BCW-201079,5,0,0,0,1,0,0,0,2,0,0,5,0,2,0,1,0,0,3,0,0,0,0,0,0,0,0,0
BCW-201081,3,0,0,0,0,0,0,0,1,0,0,2,0,1,0,0,0,0,1,0,1,0,0,0,0,0,0,0
BCW-201082,9,1,1,1,0,0,0,0,3,0,0,3,0,3,0,0,1,0,2,0,2,0,0,0,1,0,1,0
BCW-201083,4,0,0,1,0,0,0,0,2,0,0,2,0,3,0,0,0,0,2,0,1,0,0,0,1,0,0,0
BCW-201084,8,0,0,0,0,0,0,0,1,0,0,2,0,3,0,1,0,0,2,0,3,0,0,0,0,0,0,0
BCW-201085,6,0,0,0,0,0,0,0,2,0,0,2,0,1,0,0,0,0,5,0,0,0,0,0,1,0,0,0
BCW-201088,6,0,0,1,1,0,0,0,2,0,0,4,0,4,0,1,0,0,3,1,1,0,1,0,1,0,0,0
BCW-201090,8,0,0,0,0,0,0,0,1,0,0,2,0,3,0,1,0,0,2,0,3,0,0,0,0,0,0,0
BCW-201091,6,0,0,1,1,0,0,0,2,0,0,4,0,4,0,1,0,0,3,1,1,0,1,0,1,0,0,0
BCW-201097,8,0,0,1,0,0,0,0,1,0,0,3,0,1,0,1,0,0,3,1,3,0,0,0,0,0,0,0
BCW-201098,8,0,0,1,0,0,0,0,1,0,0,3,0,1,0,1,0,0,3,1,3,0,0,0,0,0,0,0
BCW-201103,8,0,0,0,0,0,0,0,1,0,0,2,0,3,0,1,0,0,3,0,2,0,1,0,0,0,0,0
BCW-201107,7,0,0,1,0,0,0,0,1,0,0,3,0,2,0,1,0,0,3,1,3,0,0,0,0,0,0,0
BCW-201151,8,0,0,0,0,0,0,0,1,0,0,2,0,3,0,1,0,0,2,0,3,0,0,0,0,0,0,0
BCW-201152,4,0,0,1,0,0,0,0,2,0,0,2,0,3,0,0,0,0,2,0,1,0,0,0,1,0,0,0
BCW-201153,6,0,0,0,0,0,0,0,2,0,0,2,0,1,0,0,0,0,5,0,0,0,0,0,1,0,0,0
BCW-201154,4,0,0,1,0,0,0,0,2,0,0,2,0,3,0,0,0,0,2,0,1,0,0,0,1,0,0,0
BCW-201155,9,0,0,1,0,0,0,0,1,0,0,2,0,3,0,0,0,0,3,1,5,0,0,0,0,0,0,0
BCW-201162,6,0,0,1,1,0,0,0,2,0,0,4,0,4,0,1,0,0,3,1,1,0,1,0,1,0,0,0
BCW-201173,3,0,0,0,0,0,0,0,2,0,0,2,0,2,0,0,1,0,3,0,0,0,0,0,1,0,0,0
BCW-201175,6,0,0,1,1,0,0,0,1,0,0,4,0,4,0,1,1,0,3,1,1,0,1,0,0,0,0,0
BCW-201176,6,0,0,1,1,0,0,0,1,0,0,4,0,4,0,1,1,0,3,1,1,0,1,0,0,0,0,0
BCW-201184,6,0,0,1,1,0,0,0,2,0,0,4,0,4,0,1,0,0,3,1,1,0,1,0,1,0,0,0
BCW-201185,6,0,0,0,0,0,0,0,2,0,0,2,0,1,0,0,0,0,5,0,0,0,0,0,1,0,0,0
BCW-201186,6,0,0,1,1,0,0,0,1,0,0,4,0,4,0,1,1,0,3,1,1,0,1,0,0,0,0,0
BCW-201187,6,0,0,1,1,0,0,0,1,0,0,4,0,4,0,1,1,0,3,1,1,0,1,0,0,0,0,0
BCW-201236,3,0,0,1,0,0,0,0,1,0,0,2,0,2,0,0,0,0,3,0,1,0,0,0,0,0,0,0
BCW-201238,6,0,0,0,0,0,0,0,2,0,0,2,0,1,0,0,0,0,5,0,0,0,0,0,1,0,0,0
BCW-201245,6,0,0,1,1,0,0,0,1,0,0,4,0,4,0,1,0,0,2,1,1,0,1,0,0,0,0,0
BCW-201248,6,0,0,1,1,0,0,0,1,0,0,4,0,4,0,1,0,0,2,1,1,0,1,0,0,0,0,0
BCW-201257,6,0,0,0,0,0,0,0,2,0,0,2,0,1,0,0,0,0,5,0,0,0,0,0,1,0,0,0
BCW-201258,8,0,0,0,0,0,0,0,1,0,0,2,0,3,0,1,0,0,2,0,3,0,0,0,0,0,0,0
BCW-201259,6,0,0,1,1,0,0,0,2,0,0,4,0,4,0,1,0,0,3,1,1,0,1,0,1,0,0,0
BCW-201260,8,0,0,0,0,0,0,0,1,0,0,2,0,3,0,1,0,0,2,0,3,0,0,0,0,0,0,0
BCW-201263,9,0,0,1,0,0,0,0,1,0,0,4,0,2,0,1,1,0,6,2,4,0,1,0,0,0,0,0
BCW-201267,10,0,0,1,0,0,0,0,1,0,0,4,0,2,0,1,0,0,6,2,3,0,2,0,0,0,0,0
BCW-201290,0,0,0,0,0,0,0,0,0,0,0,3,0,0,0,0,0,0,0,0,0,0,0,0,0,0,0,0
BCW-201292,0,0,0,0,0,0,0,0,0,0,0,2,0,0,0,0,0,0,0,0,0,0,0,0,0,0,0,0
BCW-201293,0,0,0,0,0,0,0,0,0,0,0,2,0,0,0,0,0,0,0,0,0,0,0,0,0,0,0,0
BCW-201297,6,0,0,1,1,0,0,0,1,0,0,4,0,4,0,1,1,0,3,1,1,0,1,0,0,0,0,0
BCW-201302,6,0,0,1,1,0,0,0,1,0,0,4,0,4,0,1,1,0,3,1,1,0,1,0,0,0,0,0
BCW-201303,6,0,0,1,1,0,0,0,1,0,0,4,0,4,0,1,1,0,3,1,1,0,1,0,0,0,0,0
BCW-201304,6,0,0,1,1,0,0,0,1,0,0,4,0,4,0,1,1,0,3,1,1,0,1,0,0,0,0,0
BCW-201315,6,0,0,1,1,0,0,0,1,0,0,4,0,4,0,1,1,0,3,1,1,0,1,0,0,0,0,0
BCW-201350,6,0,0,0,0,0,0,0,1,0,0,2,0,1,0,0,0,0,5,0,0,0,0,0,0,0,0,0
BCW-201441,9,0,0,1,0,0,0,0,1,0,0,4,0,2,0,1,1,0,6,2,4,0,1,0,0,0,0,0
BCW-201443,8,0,0,0,0,0,0,0,1,0,0,4,0,1,0,1,0,0,6,1,3,0,1,0,0,0,0,0
BCW-201444,3,0,0,1,0,0,0,0,1,0,0,2,0,2,0,0,0,0,1,0,0,0,0,0,0,0,0,0
BCW-201445,3,0,0,1,0,0,0,0,1,0,0,2,0,2,0,0,0,0,1,0,0,0,0,0,0,0,0,0
BCW-201450,3,0,0,0,0,0,0,0,1,0,0,2,0,2,0,0,0,0,3,0,1,0,0,0,0,0,0,0
BCW-201453,7,1,1,0,0,0,1,0,1,0,0,1,0,0,0,0,2,0,0,0,1,0,0,0,0,1,1,0
BCW-201461,8,0,0,0,0,0,0,0,1,0,0,4,0,1,0,1,0,0,6,1,3,0,1,0,0,0,0,0
BCW-201614,8,0,0,1,0,0,0,0,1,0,0,3,0,1,0,1,0,0,3,1,3,0,0,0,0,0,0,0
BCW-201615,7,0,0,1,0,0,0,0,1,0,0,3,0,2,0,1,0,0,3,1,3,0,0,0,0,0,0,0
BCW-201620,7,0,0,1,0,0,0,0,1,0,0,3,0,2,0,1,0,0,3,1,3,0,0,0,0,0,0,0
BCW-201648,6,0,0,1,1,0,0,0,1,0,0,4,0,4,0,1,1,0,3,1,1,0,1,0,0,0,0,0
BCW-201649,8,0,0,1,0,0,0,0,1,0,0,3,0,2,0,1,0,0,6,2,3,0,2,0,0,0,0,0
BCW-201653,5,0,0,0,1,0,0,0,2,0,0,5,0,2,0,1,0,0,3,0,0,0,0,0,0,0,0,0
BCW-201654,6,0,0,1,1,0,0,0,1,0,0,4,0,4,0,1,1,0,3,1,1,0,1,0,0,0,0,0
BCW-201659,7,0,0,0,0,0,0,0,1,0,0,3,0,2,0,1,0,0,3,0,2,0,1,0,0,0,0,0
BCW-201662,5,0,0,0,1,0,0,0,2,0,0,5,0,2,0,1,0,0,3,0,0,0,0,0,0,0,0,0
BCW-201703,7,0,0,1,0,0,0,0,1,0,0,3,0,2,0,1,0,0,3,1,3,0,0,0,0,0,0,0
BCW-201721,7,0,0,0,0,0,0,0,1,0,0,3,0,2,0,1,0,0,3,0,2,0,1,0,0,0,0,0
BCW-201726,6,0,0,0,0,0,0,0,1,0,0,3,0,2,0,1,0,0,3,0,1,0,0,0,0,0,0,0
BCW-201808,10,0,0,1,0,0,0,0,2,0,0,2,0,2,0,0,0,0,3,1,3,0,1,0,0,0,0,0
BCW-201809,6,0,0,0,0,0,0,0,2,0,0,2,0,1,0,0,0,0,5,0,0,0,0,0,1,0,0,0
BCW-201811,6,0,0,0,0,0,0,0,2,0,0,3,0,2,0,1,0,0,3,0,2,0,1,0,0,0,0,0
BCW-201812,7,0,0,1,0,0,0,0,1,0,0,3,0,3,0,1,2,0,3,1,3,0,2,0,0,0,0,0
BCW-201813,1,0,1,1,1,0,0,1,1,2,0,5,0,2,0,0,1,0,0,0,0,2,5,0,0,0,1,0
BCW-201814,7,0,0,1,0,0,0,0,1,0,0,3,0,3,0,1,2,0,3,1,3,0,2,0,0,0,0,0
BCW-201815,1,0,1,1,1,0,0,1,1,2,0,5,0,2,0,0,1,0,0,0,0,2,5,0,0,0,1,0
BCW-201818,1,0,1,1,1,0,0,1,1,2,0,5,0,2,0,0,1,0,0,0,0,2,5,0,0,0,1,0
BCW-201819,3,0,0,1,1,0,0,4,1,0,1,2,0,1,1,0,2,0,1,0,2,0,1,1,0,0,3,0
BCW-201823,1,0,1,1,1,0,0,1,1,2,0,5,0,2,0,0,1,0,0,0,0,2,5,0,0,0,1,0
BCW-201824,1,0,1,1,1,0,0,1,1,2,0,5,0,2,0,0,1,0,0,0,0,2,5,0,0,0,1,0
BCW-201825,1,0,1,1,1,0,0,1,1,2,0,5,0,2,0,0,1,0,0,0,0,2,5,0,0,0,1,0
BCW-201826,4,0,0,1,0,0,0,0,1,0,0,3,0,2,0,0,1,0,2,0,1,0,0,0,0,0,0,0
BCW-201827,3,0,0,0,0,0,0,0,1,0,0,2,0,1,0,0,0,0,1,0,1,0,0,0,0,0,0,0
BCW-201828,10,0,0,1,0,0,0,0,2,0,0,2,0,2,0,0,0,0,3,1,3,0,1,0,0,0,0,0
BCW-201830,1,0,1,1,1,0,0,1,1,2,0,5,0,2,0,0,1,0,0,0,0,2,5,0,0,0,1,0
BCW-201832,6,0,0,0,0,0,0,0,2,0,0,3,0,2,0,1,0,0,3,0,2,0,1,0,0,0,0,0
BCW-201833,4,0,0,0,0,0,0,0,1,0,0,3,0,0,0,0,0,0,1,0,1,0,0,0,0,0,0,0
BCW-201834,1,0,1,1,1,0,0,1,1,2,0,5,0,2,0,0,1,0,0,0,0,2,5,0,0,0,1,0
BCW-201835,2,0,0,0,0,0,0,0,0,0,0,0,0,0,0,0,0,0,0,0,0,0,0,0,0,0,0,0
BCW-201836,1,0,1,1,1,0,0,1,1,2,0,5,0,2,0,0,1,0,0,0,0,2,5,0,0,0,1,0
BCW-201838,2,0,0,2,1,0,0,1,1,0,0,2,0,0,1,2,1,0,1,1,0,0,1,0,0,0,0,0
BCW-201839,7,0,0,1,0,0,0,0,1,0,0,3,0,3,0,1,2,0,3,1,3,0,2,0,0,0,0,0
BCW-201840,1,0,1,1,1,0,0,1,1,2,0,5,0,2,0,0,1,0,0,0,0,2,5,0,0,0,1,0
BCW-201842,1,0,0,2,0,0,0,1,1,0,0,1,0,0,1,2,2,0,0,1,0,0,1,0,0,0,1,0
BCW-201844,9,0,0,1,1,0,0,4,3,0,1,5,0,3,1,1,2,0,4,0,4,0,2,1,0,0,3,0
BCW-201845,6,0,0,0,0,0,0,0,2,0,0,3,0,2,0,1,0,0,3,0,2,0,1,0,0,0,0,0
BCW-201847,7,0,0,1,0,0,0,0,1,0,0,3,0,3,0,1,2,0,3,1,3,0,2,0,0,0,0,0
BCW-201848,4,0,0,1,0,0,0,0,1,0,0,3,0,2,0,0,1,0,2,0,1,0,0,0,0,0,0,0
BCW-201849,7,0,0,1,0,0,0,0,1,0,0,3,0,3,0,1,2,0,3,1,3,0,2,0,0,0,0,0
BCW-201850,10,0,0,1,0,0,0,0,2,0,0,2,0,2,0,0,0,0,3,1,3,0,1,0,0,0,0,0
BCW-201851,0,0,0,0,0,0,0,0,0,0,0,6,0,0,0,0,0,0,0,0,5,0,1,0,0,1,3,1
BCW-201853,4,0,0,0,0,0,0,0,1,0,0,2,0,1,0,0,0,0,1,0,1,0,1,0,0,0,0,0
BCW-201854,4,0,0,0,0,0,0,0,1,0,0,2,0,1,0,0,0,0,1,0,1,0,1,0,0,0,0,0
BCW-201856,1,0,1,1,1,0,0,1,1,2,0,5,0,2,0,0,1,0,0,0,0,2,5,0,0,0,1,0
BCW-201857,7,0,0,1,0,0,0,0,1,0,0,3,0,3,0,1,2,0,3,1,3,0,2,0,0,0,0,0
BCW-201858,10,0,0,1,0,0,0,0,2,0,0,2,0,2,0,0,0,0,3,1,3,0,1,0,0,0,0,0
BCW-201859,0,0,0,0,0,0,0,0,0,0,0,3,0,0,0,0,0,0,0,0,0,0,1,0,0,0,0,0
BCW-201860,1,0,1,1,1,0,0,1,1,2,0,5,0,2,0,0,1,0,0,0,0,2,5,0,0,0,1,0
BCW-201861,5,1,1,0,0,0,0,0,1,0,0,1,0,0,0,0,1,0,0,0,1,0,0,0,0,1,1,0
BCW-201862,0,0,0,0,0,0,0,0,0,0,0,2,0,0,0,0,0,0,0,0,0,0,0,0,0,0,0,0
BCW-201864,3,0,0,0,0,0,0,0,1,0,0,2,0,1,0,0,0,0,1,0,1,0,0,0,0,0,0,0
BCW-201865,4,0,0,0,0,0,0,0,1,0,0,2,0,1,0,0,0,0,1,0,1,0,1,0,0,0,0,0
BCW-201866,7,0,0,1,0,0,0,0,1,0,0,3,0,3,0,1,2,0,3,1,3,0,2,0,0,0,0,0
BCW-201867,3,0,0,0,0,0,0,0,1,0,0,2,0,1,0,0,0,0,1,0,1,0,0,0,0,0,0,0
BCW-201868,0,0,0,0,0,0,0,0,0,0,0,2,0,0,0,0,0,0,0,0,0,0,1,0,0,0,0,0
BCW-201870,1,0,0,0,0,0,0,2,0,0,0,1,0,1,0,0,0,0,2,0,0,0,0,0,0,0,0,0
BCW-201871,14,0,0,2,0,0,0,0,2,0,0,7,0,5,0,1,2,0,8,2,6,0,4,0,0,0,0,0
BCW-201872,2,0,0,0,0,0,0,2,0,0,0,1,0,1,0,0,0,0,2,0,0,0,0,0,0,0,0,0
BCW-201873,10,0,0,1,0,0,0,0,2,0,0,2,0,2,0,0,0,0,3,1,3,0,1,0,0,0,0,0
BCW-201874,7,0,0,1,0,0,0,0,1,0,0,3,0,3,0,1,2,0,3,1,3,0,2,0,0,0,0,0
BCW-201875,0,0,0,0,0,0,0,0,0,0,0,3,0,0,0,0,0,0,0,0,0,0,1,0,0,0,0,0
BCW-201876,10,0,0,1,0,0,0,0,2,0,0,2,0,2,0,0,0,0,3,1,3,0,1,0,0,0,0,0
BCW-201877,6,0,0,0,0,0,0,0,2,0,0,3,0,2,0,1,0,0,3,0,2,0,1,0,0,0,0,0
BCW-201878,6,0,0,0,0,0,0,0,2,0,0,3,0,2,0,1,0,0,3,0,2,0,1,0,0,0,0,0
BCW-201879,10,0,0,1,0,0,0,0,2,0,0,2,0,2,0,0,0,0,3,1,3,0,1,0,0,0,0,0
BCW-201880,6,0,0,0,0,0,0,0,2,0,0,3,0,2,0,1,0,0,3,0,2,0,1,0,0,0,0,0
BCW-201881,7,0,0,1,0,0,0,0,1,0,0,3,0,3,0,1,2,0,3,1,3,0,2,0,0,0,0,0
BCW-201882,6,0,0,0,0,0,0,0,2,0,0,3,0,2,0,1,0,0,3,0,2,0,1,0,0,0,0,0
BCW-201883,7,0,0,1,0,0,0,0,1,0,0,3,0,3,0,1,2,0,3,1,3,0,2,0,0,0,0,0
BCW-201884,6,0,0,0,0,0,0,0,2,0,0,3,0,2,0,1,0,0,3,0,2,0,1,0,0,0,0,0
BCW-201885,6,0,0,0,0,0,0,0,2,0,0,3,0,2,0,1,0,0,3,0,2,0,1,0,0,0,0,0
BCW-201886,10,0,0,1,0,0,0,0,2,0,0,2,0,2,0,0,0,0,3,1,3,0,1,0,0,0,0,0
BCW-201887,10,0,0,1,0,0,0,0,2,0,0,2,0,2,0,0,0,0,3,1,3,0,1,0,0,0,0,0
BCW-201888,10,0,0,1,0,0,0,0,2,0,0,2,0,2,0,0,0,0,3,1,3,0,1,0,0,0,0,0
BCW-201889,6,0,0,0,0,0,0,0,2,0,0,3,0,2,0,1,0,0,3,0,2,0,1,0,0,0,0,0
BCW-201890,10,0,0,0,0,0,0,0,1,0,0,4,0,1,0,1,0,0,6,1,3,0,2,0,0,0,0,0
BCW-201891,6,0,0,0,0,0,0,0,1,0,0,2,0,1,0,0,0,0,5,0,0,0,0,0,0,0,0,0
BCW-201894,1,0,1,1,1,0,0,1,1,2,0,5,0,2,0,0,1,0,0,0,0,2,5,0,0,0,1,0
BCW-201895,6,0,0,0,0,0,0,0,2,0,0,3,0,2,0,1,0,0,3,0,2,0,1,0,0,0,0,0
BCW-201896,1,0,0,2,0,0,0,1,1,0,0,1,0,0,1,2,2,0,0,1,0,0,1,0,0,0,1,0
BCW-201897,4,0,0,1,0,0,0,0,1,0,0,3,0,2,0,0,1,0,2,0,1,0,0,0,0,0,0,0
BCW-201899,6,0,0,0,0,0,0,0,2,0,0,3,0,2,0,1,0,0,3,0,2,0,1,0,0,0,0,0
BCW-201900,8,0,0,1,0,0,0,0,1,0,0,4,0,2,0,1,0,0,5,2,2,0,1,0,0,0,0,0
BCW-201901,8,0,0,1,0,0,0,0,1,0,0,4,0,1,0,1,0,0,6,2,4,0,1,0,0,0,0,0
BCW-201902,8,0,0,1,0,0,0,0,1,0,0,5,0,1,0,1,0,0,6,2,4,0,1,0,0,0,0,0
BCW-201903,6,0,0,0,0,0,0,0,2,0,0,3,0,2,0,1,0,0,3,0,2,0,1,0,0,0,0,0
BCW-201909,3,0,0,0,0,0,0,0,1,0,0,2,0,1,0,0,0,0,1,0,1,0,0,0,0,0,0,0
BCW-201910,3,0,0,0,0,0,0,0,1,0,0,3,0,2,0,0,0,0,0,0,1,0,0,0,0,1,0,0
BCW-201911,1,0,1,1,1,0,0,1,1,2,0,5,0,2,0,0,1,0,0,0,0,2,5,0,0,0,1,0
BCW-201914,6,0,0,0,0,0,0,0,2,0,0,3,0,2,0,1,0,0,3,0,2,0,1,0,0,0,0,0
BCW-201915,1,0,1,1,1,0,0,1,1,2,0,5,0,2,0,0,1,0,0,0,0,2,5,0,0,0,1,0
BCW-201916,1,0,1,1,1,0,0,1,1,2,0,5,0,2,0,0,1,0,0,0,0,2,5,0,0,0,1,0
BCW-201917,3,0,0,0,0,0,0,0,1,0,0,2,0,1,0,0,0,0,1,0,1,0,0,0,0,0,0,0
BCW-201919,1,0,1,1,1,0,0,1,1,2,0,5,0,2,0,0,1,0,0,0,0,2,5,0,0,0,1,0
BCW-201926,9,0,0,1,0,0,0,0,1,0,0,4,0,2,0,1,0,0,6,2,4,0,2,0,0,0,0,0
BCW-201933,7,0,0,1,0,0,0,0,1,0,0,3,0,3,0,1,2,0,3,1,3,0,2,0,0,0,0,0
BCW-201937,10,0,0,1,0,0,0,0,2,0,0,2,0,2,0,0,0,0,3,1,3,0,1,0,0,0,0,0
BCW-201938,6,0,0,0,0,0,0,0,2,0,0,3,0,2,0,1,0,0,3,0,2,0,1,0,0,0,0,0
BCW-201939,3,0,0,0,0,0,0,0,1,0,0,3,0,2,0,0,0,0,0,0,1,0,0,0,0,1,0,0
BCW-201945,6,0,0,0,0,0,0,0,2,0,0,3,0,2,0,1,0,0,3,0,2,0,1,0,0,0,0,0
BCW-201947,0,0,0,0,0,0,0,0,0,0,0,3,0,0,0,0,0,0,0,0,0,0,1,0,0,0,0,0
BCW-201949,7,0,0,1,0,0,0,0,1,0,0,3,0,3,0,1,2,0,3,1,3,0,2,0,0,0,0,0
BCW-201954,11,0,1,3,2,0,0,1,4,2,0,11,0,8,0,1,2,0,5,1,2,2,4,0,1,0,1,0
BCW-201957,6,0,0,0,0,0,0,0,2,0,0,3,0,2,0,1,0,0,3,0,2,0,1,0,0,0,0,0
BCW-201972,10,0,0,1,0,0,0,0,2,0,0,2,0,2,0,0,0,0,3,1,3,0,1,0,0,0,0,0
BCW-201975,6,0,0,0,0,0,0,0,2,0,0,3,0,2,0,1,0,0,3,0,2,0,1,0,0,0,0,0
BCW-201982,6,0,0,1,1,0,0,0,1,0,0,4,0,4,0,1,1,0,3,1,1,0,1,0,0,0,0,0
BCW-201990,10,0,0,1,0,0,0,0,2,0,0,2,0,2,0,0,0,0,3,1,3,0,1,0,0,0,0,0
BCW-201995,4,0,0,1,0,0,0,0,1,0,0,3,0,2,0,0,1,0,2,0,1,0,0,0,0,0,0,0
BCW-201997,3,0,0,0,0,0,0,0,1,0,0,2,0,1,0,0,0,0,1,0,1,0,0,0,0,0,0,0
BCW-202001,3,0,0,0,0,0,0,0,1,0,0,2,0,1,0,0,0,0,1,0,1,0,0,0,0,0,0,0
BCW-202005,6,0,0,0,0,0,0,0,2,0,0,3,0,2,0,1,0,0,3,0,2,0,1,0,0,0,0,0
BCW-202006,15,0,0,1,0,0,0,0,4,0,0,3,0,3,0,1,0,0,6,1,5,0,2,0,0,0,0,0
