ID,GT1,GT11,GT14,GT15,GT2,GT22,GT25,GT26,GT28,GT32,GT33,GT34,GT39,GT4,GT47,GT50,GT53,GT58,GT62,GT69,GT71,GT76,GT8,GT83,GT87,GT91
BCW-200001,0,0,0,0,4,0,0,0,1,0,0,0,0,2,0,0,0,0,0,0,0,0,0,0,0,0
BCW-200002,0,0,0,0,4,0,1,1,1,0,0,0,0,8,0,0,0,0,0,0,0,0,0,1,0,0
BCW-200003,0,0,0,0,6,0,0,1,1,0,0,0,0,4,0,0,0,0,0,0,0,0,0,1,0,0
BCW-200004,0,0,0,0,6,0,0,1,1,1,0,0,0,5,0,0,0,0,0,0,0,0,0,1,0,0
BCW-200005,0,0,0,0,6,0,0,1,1,1,0,0,0,5,0,0,0,0,0,0,0,0,0,1,0,0
BCW-200006,0,0,0,0,6,0,0,1,1,1,0,0,0,5,0,0,0,0,0,0,0,0,0,1,0,0
BCW-200007,0,0,0,0,6,0,0,1,1,1,0,0,0,5,0,0,0,0,0,0,0,0,0,1,0,0
BCW-200008,0,0,0,0,4,0,1,0,1,0,0,0,0,6,0,0,0,0,0,0,0,0,0,1,0,0
BCW-200009,0,0,0,0,6,0,0,1,1,0,0,0,0,6,0,0,0,0,0,0,0,0,0,1,0,0
BCW-200010,0,0,0,0,15,0,0,0,2,0,0,0,0,11,0,0,0,0,0,0,0,0,1,2,0,0
BCW-200011,0,0,0,0,4,0,1,0,2,0,0,0,0,3,0,0,0,0,0,0,0,0,0,0,0,0
BCW-200012,0,0,0,0,7,0,0,1,1,0,0,0,0,4,0,0,0,0,0,0,0,0,0,1,0,0
BCW-200013,0,0,0,0,6,0,0,1,1,0,0,0,0,5,0,0,0,0,0,0,0,0,0,1,0,0
BCW-200014,0,0,0,0,5,0,0,1,1,1,0,0,0,6,0,0,0,0,0,0,0,0,0,1,0,0
BCW-200015,0,0,0,0,6,0,0,1,1,0,0,0,0,5,0,0,0,0,0,0,0,0,0,1,0,0
BCW-200016,0,0,0,0,5,0,0,1,1,1,0,0,0,6,0,0,0,0,0,0,0,0,0,1,0,0
BCW-200017,0,0,0,0,6,0,0,1,1,1,0,0,0,5,0,0,0,0,0,0,0,0,0,1,0,0
BCW-200018,0,0,0,0,7,0,0,1,1,0,0,0,0,6,0,0,0,0,0,0,0,0,0,1,0,0
BCW-200019,0,0,0,0,16,0,0,1,2,0,0,0,0,9,0,0,0,0,0,0,0,0,0,1,0,0
BCW-200020,0,0,0,0,9,0,1,1,2,0,0,0,0,11,0,0,0,0,0,0,0,0,0,2,0,0
BCW-200021,0,0,0,0,14,0,0,2,2,0,0,0,0,11,0,0,0,0,0,0,0,0,1,2,0,0
BCW-200022,0,0,0,0,6,0,0,2,2,0,0,0,0,8,0,0,0,0,0,0,0,0,0,1,0,0
BCW-200023,0,0,0,0,7,0,0,1,1,0,0,0,0,6,0,0,0,0,0,0,0,0,0,1,0,0
BCW-200024,0,0,0,0,6,0,0,2,2,0,0,0,0,7,0,0,0,0,0,0,0,0,1,2,0,0
BCW-200025,0,0,0,0,7,0,0,1,1,0,0,0,0,6,0,0,0,0,0,0,0,0,0,1,0,0
BCW-200026,0,0,0,0,6,0,0,1,1,1,0,0,0,5,0,0,0,0,0,0,0,0,0,1,0,0
BCW-200027,0,0,0,0,7,0,0,1,1,0,0,0,0,6,0,0,0,0,0,0,0,0,0,1,0,0
BCW-200028,0,0,0,0,5,0,0,1,1,0,0,0,0,4,0,0,0,0,0,0,0,0,1,1,0,0
BCW-200029,0,0,0,0,7,0,0,1,1,0,0,0,0,6,0,0,0,0,0,0,0,0,0,1,0,0
BCW-200030,0,0,0,0,5,0,0,1,1,0,0,0,0,3,0,0,0,0,0,0,0,0,1,1,0,0
BCW-200031,0,0,0,0,5,0,0,1,1,0,0,0,0,8,0,0,0,0,0,0,0,0,2,1,0,0
BCW-200032,0,0,0,0,4,0,1,0,1,0,0,0,0,9,0,0,0,0,0,0,0,0,0,1,0,0
BCW-200033,0,0,0,0,5,0,0,1,1,0,0,0,0,4,0,0,0,0,0,0,0,0,0,1,0,0
BCW-200034,0,0,0,0,5,0,0,1,1,1,0,0,0,6,0,0,0,0,0,0,0,0,0,1,0,0
BCW-200035,0,0,0,0,5,0,0,1,1,1,0,0,0,6,0,0,0,0,0,0,0,0,0,1,0,0
BCW-200036,0,0,0,0,5,0,0,1,1,0,0,0,0,6,0,0,0,0,0,0,0,0,2,1,0,0
BCW-200037,0,0,0,0,9,0,0,2,2,1,0,0,0,8,0,0,0,0,0,0,0,0,0,2,0,0
BCW-200039,0,0,0,0,9,0,1,2,2,1,0,0,0,14,0,0,0,0,0,0,0,0,1,2,0,0
BCW-200040,0,0,0,0,6,0,0,1,1,0,0,0,0,4,0,0,0,0,0,0,0,0,0,1,0,0
BCW-200041,0,0,0,0,7,0,0,1,1,0,0,0,0,6,0,0,0,0,0,0,0,0,0,1,0,0
BCW-200042,0,0,0,0,15,0,0,0,2,0,0,0,0,12,0,0,0,0,0,0,0,0,1,2,0,0
BCW-200043,0,0,0,0,3,0,0,1,1,0,0,0,0,5,0,0,0,0,0,0,0,0,0,1,0,0
BCW-200044,0,0,0,0,3,0,1,0,1,0,0,0,0,6,0,0,0,0,0,0,0,0,0,1,0,0
BCW-200045,0,0,0,0,6,0,0,1,1,1,0,0,0,5,0,0,0,0,0,0,0,0,0,1,0,0
BCW-200046,0,0,0,0,8,0,0,0,2,0,0,0,0,7,0,0,0,0,0,0,0,0,0,2,0,0
BCW-200047,0,0,0,0,6,0,0,1,1,0,0,0,0,6,0,0,0,0,0,0,0,0,0,1,0,0
BCW-200048,0,0,0,0,16,0,0,0,2,0,0,0,0,9,0,0,0,0,0,0,0,0,1,2,0,0
BCW-200049,0,0,0,0,8,0,0,1,1,0,0,0,0,6,0,0,0,0,0,0,0,0,1,1,0,0
BCW-200050,0,0,0,0,5,0,0,1,1,1,0,0,0,6,0,0,0,0,0,0,0,0,0,1,0,0
BCW-200051,0,0,0,0,11,0,0,0,1,0,0,0,0,6,0,0,0,0,0,0,0,0,0,0,0,0
BCW-200052,0,0,0,0,10,0,0,1,2,0,0,0,0,8,0,0,0,0,0,0,0,0,0,1,0,0
BCW-200053,0,0,0,0,8,0,0,1,1,0,0,0,0,6,0,0,0,0,0,0,0,0,1,1,0,0
BCW-200054,0,0,0,0,7,0,0,1,1,0,0,0,0,6,0,0,0,0,0,0,0,0,0,1,0,0
BCW-200055,0,0,0,0,7,0,0,1,1,0,0,0,0,6,0,0,0,0,0,0,0,0,0,1,0,0
BCW-200056,0,0,0,0,8,0,0,0,1,0,0,0,0,5,0,0,0,0,0,0,0,0,0,2,0,0
BCW-200057,0,0,0,0,7,0,0,0,1,0,0,0,1,7,0,0,0,0,0,0,0,0,0,0,0,0
BCW-200058,0,0,0,0,13,0,0,0,2,0,0,0,0,8,0,0,0,0,0,0,0,0,0,2,0,0
BCW-200060,0,0,0,0,11,0,0,1,1,1,0,0,0,3,0,0,0,0,0,0,0,0,1,1,0,0
BCW-200061,0,0,0,0,7,0,0,2,1,0,0,0,0,6,0,0,0,0,0,0,0,0,0,1,0,0
BCW-200063,0,0,0,0,6,0,0,0,1,0,0,0,0,5,0,0,0,0,0,0,0,0,0,0,1,0
BCW-200064,0,0,0,0,6,0,0,1,1,0,0,0,0,6,0,0,0,0,0,0,0,0,0,1,0,0
BCW-200065,0,0,0,0,7,0,0,0,1,0,0,0,0,5,0,0,0,0,0,0,0,0,0,2,0,0
BCW-200066,0,0,0,0,5,0,0,1,1,0,0,0,0,6,0,0,0,0,0,0,0,0,2,1,0,0
BCW-200067,0,0,0,0,7,0,0,0,0,0,0,0,0,3,0,0,0,0,0,0,0,0,0,0,0,0
BCW-200068,0,1,0,0,8,0,0,0,1,0,0,0,0,7,0,0,0,0,0,0,0,0,0,2,0,0
BCW-200069,0,0,0,0,9,0,0,1,1,0,0,0,0,6,0,0,0,0,0,0,0,0,1,1,0,0
BCW-200070,0,0,0,0,5,0,0,1,1,0,0,0,0,4,0,0,0,0,0,0,0,0,1,1,0,0
BCW-200071,0,0,0,0,5,0,0,1,1,0,0,0,0,5,0,0,0,0,0,0,0,0,0,1,0,0
BCW-200072,0,0,0,0,5,0,0,1,1,0,0,0,0,4,0,0,0,0,0,0,0,0,1,1,0,0
BCW-200073,0,0,0,0,8,0,0,1,1,0,0,0,0,11,0,0,0,0,0,0,0,0,0,1,0,0
BCW-200074,0,0,0,0,16,0,0,1,1,0,0,0,0,7,0,0,0,0,0,0,0,0,0,0,0,0
BCW-200077,0,0,0,0,9,0,0,0,1,0,0,0,0,7,0,0,0,0,0,0,0,0,1,0,0,0
BCW-200078,0,0,0,0,3,0,0,0,0,0,0,0,1,8,0,0,0,0,0,0,0,0,0,0,0,0
BCW-200079,0,0,0,0,9,0,0,0,1,0,0,0,0,7,0,0,0,0,0,0,0,0,1,0,0,0
BCW-200080,0,0,0,0,13,0,0,0,2,1,0,0,0,11,0,0,0,0,0,0,0,0,1,1,0,0
BCW-200081,0,0,0,0,3,0,1,0,1,0,0,0,0,10,0,0,0,0,0,0,0,0,0,1,0,0
BCW-200082,0,0,0,0,4,0,0,1,1,0,0,0,0,5,0,0,0,0,0,0,0,0,0,1,0,0
BCW-200083,0,0,0,0,8,0,0,1,1,0,0,0,0,6,0,0,0,0,0,0,0,0,1,1,0,0
BCW-200084,0,0,0,0,8,0,0,1,1,0,0,0,0,6,0,0,0,0,0,0,0,0,1,1,0,0
BCW-200085,0,0,0,0,14,0,1,3,3,1,0,0,0,19,0,0,0,0,0,0,0,0,0,2,0,0
BCW-200086,0,0,0,0,8,0,0,1,1,0,0,0,0,6,0,0,0,0,0,0,0,0,1,1,0,0
BCW-200087,0,0,0,0,12,0,0,2,2,0,0,0,0,12,0,0,0,0,0,0,0,0,3,2,0,0
BCW-200089,1,0,0,0,7,0,0,0,2,0,0,0,0,12,0,0,0,0,0,0,0,0,0,1,0,0
BCW-200091,0,0,0,0,5,0,0,0,2,0,0,0,0,7,0,0,0,0,0,0,0,0,0,0,0,0
BCW-200092,0,0,0,0,6,0,0,1,1,0,0,0,0,5,0,0,0,0,0,0,0,0,0,1,0,0
BCW-200093,0,0,0,0,8,0,0,1,1,0,0,0,0,6,0,0,0,0,0,0,0,0,1,1,0,0
BCW-200094,0,0,0,0,4,0,0,1,1,0,0,0,0,5,0,0,0,0,0,0,0,0,1,1,0,0
BCW-200095,0,0,0,0,5,0,0,1,1,1,0,0,0,6,0,0,0,0,0,0,0,0,0,1,0,0
BCW-200096,0,0,0,0,8,0,0,1,1,0,0,0,0,6,0,0,0,0,0,0,0,0,1,1,0,0
BCW-200097,0,0,0,0,5,0,0,0,1,1,0,0,0,6,0,0,0,0,0,0,0,0,0,1,0,0
BCW-200098,0,0,0,0,14,0,1,2,3,1,0,0,0,20,0,0,0,0,0,0,0,0,0,3,0,0
BCW-200099,0,0,0,0,8,0,0,1,1,0,0,0,0,6,0,0,0,0,0,0,0,0,1,1,0,0
BCW-200100,0,0,0,0,5,0,1,0,1,0,0,0,0,8,0,0,0,0,0,0,0,0,0,1,0,0
BCW-200101,0,0,0,0,5,0,0,1,2,0,0,0,0,10,0,0,0,0,0,0,0,0,0,0,0,0
BCW-200102,0,0,0,0,5,0,0,1,1,1,0,0,0,6,0,0,0,0,0,0,0,0,0,1,0,0
BCW-200103,1,0,0,0,8,0,0,0,1,0,0,0,0,3,0,0,0,0,0,0,0,0,0,2,0,0
BCW-200104,0,0,0,0,7,0,0,1,1,0,0,0,0,5,0,0,0,0,0,0,0,0,0,1,0,0
BCW-200105,0,0,0,0,5,0,1,0,1,1,0,0,0,3,0,0,0,0,0,0,0,0,0,1,0,0
BCW-200106,0,0,0,0,4,0,0,1,1,0,0,0,0,5,0,0,0,0,0,0,0,0,0,1,0,0
BCW-200107,0,0,0,0,8,0,0,1,1,0,0,0,0,6,0,0,0,0,0,0,0,0,0,1,0,0
BCW-200108,0,0,0,0,10,0,1,1,2,2,0,0,0,9,0,0,0,0,0,0,0,0,0,2,0,0
BCW-200109,0,0,0,0,6,0,0,1,1,1,0,0,0,5,0,0,0,0,0,0,0,0,0,1,0,0
BCW-200111,0,0,0,0,4,0,0,1,1,0,0,0,0,3,0,0,0,0,0,0,0,0,2,1,0,0
BCW-200112,0,0,0,0,5,0,1,0,1,1,0,0,0,3,0,0,0,0,0,0,0,0,0,1,0,0
BCW-200113,0,0,0,0,7,0,0,1,1,0,0,0,0,9,0,0,0,0,0,0,0,0,1,1,0,0
BCW-200114,1,0,0,0,4,0,0,1,1,0,0,0,0,6,0,0,0,0,0,0,0,0,1,1,0,0
BCW-200115,0,0,0,0,2,0,1,1,1,0,0,0,0,3,0,0,0,0,0,0,0,0,0,2,0,0
BCW-200116,0,0,0,0,5,0,1,0,1,1,0,0,0,3,0,0,0,0,0,0,0,0,0,1,0,0
BCW-200117,0,0,0,0,4,0,0,1,1,0,0,0,0,5,0,0,0,0,0,0,0,0,0,1,0,0
BCW-200118,0,0,0,0,5,0,1,0,1,1,0,0,0,3,0,0,0,0,0,0,0,0,0,1,0,0
BCW-200119,0,0,0,0,5,0,1,0,1,1,0,0,0,3,0,0,0,0,0,0,0,0,0,1,0,0
BCW-200120,0,0,0,0,4,0,0,1,1,0,0,0,0,5,0,0,0,0,0,0,0,0,0,1,0,0
BCW-200121,0,0,0,0,9,0,0,0,1,0,0,0,0,7,0,0,0,0,0,0,0,0,1,0,0,0
BCW-200122,0,0,0,0,6,0,0,1,1,1,0,0,0,5,0,0,0,0,0,0,0,0,0,1,0,0
BCW-200123,0,0,0,0,7,0,0,1,1,0,0,0,0,8,0,0,0,0,0,0,0,0,1,1,0,0
BCW-200124,0,0,0,0,7,0,0,1,1,0,0,0,0,8,0,0,0,0,0,0,0,0,1,1,0,0
BCW-200126,0,0,0,0,14,0,0,1,2,1,0,0,0,10,0,0,0,0,0,0,0,0,2,1,0,0
BCW-200127,0,0,0,0,18,0,0,2,3,0,0,0,0,18,0,0,0,0,0,0,0,0,4,2,0,0
BCW-200128,0,0,0,0,9,0,0,0,1,0,0,0,0,6,0,0,0,0,0,0,0,0,1,0,0,0
BCW-200129,0,0,0,0,7,0,0,1,1,0,0,0,0,8,0,0,0,0,0,0,0,0,1,1,0,0
BCW-200130,0,0,0,0,5,0,0,2,1,1,0,0,0,6,0,0,0,0,0,0,0,0,2,0,0,0
BCW-200131,0,0,0,0,17,0,0,1,2,0,0,0,0,13,0,0,0,0,0,0,0,0,0,1,0,0
BCW-200132,0,0,0,0,7,0,0,1,1,0,0,0,0,8,0,0,0,0,0,0,0,0,1,1,0,0
BCW-200133,0,0,0,0,6,0,0,1,1,1,0,0,0,7,0,0,0,0,0,0,0,0,0,1,0,0
BCW-200134,0,0,0,0,4,0,0,1,1,0,0,0,0,3,0,0,0,0,0,0,0,0,0,1,0,0
BCW-200135,0,1,0,0,19,0,0,1,2,0,0,0,0,13,0,0,0,0,0,0,0,0,1,1,0,0
BCW-200136,0,0,0,0,7,0,0,1,1,0,0,0,0,8,0,0,0,0,0,0,0,0,1,1,0,0
BCW-200137,0,0,0,0,7,0,0,1,1,0,0,0,0,8,0,0,0,0,0,0,0,0,1,1,0,0
BCW-200138,0,0,0,0,9,0,0,0,1,0,0,0,0,6,0,0,0,0,0,0,0,0,1,0,0,0
BCW-200139,0,0,0,0,4,0,0,1,1,0,0,0,0,3,0,0,0,0,0,0,0,0,0,1,0,0
BCW-200140,0,0,0,0,12,0,0,2,2,1,0,0,0,13,0,0,0,0,0,0,0,0,1,2,0,0
BCW-200141,0,0,0,0,5,0,0,1,1,1,0,0,0,3,0,0,0,0,0,0,0,0,1,1,0,0
BCW-200142,0,0,0,0,4,0,0,1,1,0,0,0,0,5,0,0,0,0,0,0,0,0,0,1,0,0
BCW-200143,0,0,0,0,5,0,0,1,1,0,0,0,0,6,0,0,0,0,0,0,0,0,1,1,0,0
BCW-200144,0,0,0,0,5,0,0,1,1,0,0,0,0,6,0,0,0,0,0,0,0,0,1,1,0,0
BCW-200145,0,0,0,0,6,0,0,1,1,0,0,0,0,6,0,0,0,0,0,0,0,0,2,1,0,0
BCW-200146,0,0,0,0,5,0,0,1,1,0,0,0,0,6,0,0,0,0,0,0,0,0,1,1,0,0
BCW-200147,0,0,0,0,4,0,0,1,1,0,0,0,0,4,0,0,0,0,0,0,0,0,0,1,0,0
BCW-200148,0,0,0,0,4,0,0,1,1,0,0,0,0,5,0,0,0,0,0,0,0,0,0,1,0,0
BCW-200149,0,0,0,0,5,0,0,1,1,0,0,0,0,6,0,0,0,0,0,0,0,0,1,1,0,0
BCW-200150,0,0,0,0,8,0,0,0,1,0,0,0,0,6,0,0,0,0,0,0,0,0,0,0,0,0
BCW-200151,0,0,0,0,8,0,0,1,1,0,0,0,0,6,0,0,0,0,0,0,0,0,2,1,0,0
BCW-200152,0,0,0,0,5,0,0,1,1,0,0,0,0,6,0,0,0,0,0,0,0,0,1,1,0,0
BCW-200153,1,0,0,0,5,0,0,0,1,0,0,0,0,6,0,0,0,0,0,0,0,0,0,2,0,0
BCW-200154,1,0,0,0,5,0,0,0,1,0,0,0,0,6,0,0,0,0,0,0,0,0,0,2,0,0
BCW-200155,0,0,0,0,6,0,0,1,1,0,0,0,0,6,0,0,0,0,0,0,0,0,2,1,0,0
BCW-200156,0,0,0,0,4,0,0,1,1,0,0,0,0,3,0,0,0,0,0,0,0,0,0,1,0,0
BCW-200157,0,0,0,0,8,0,0,1,1,0,0,0,0,6,0,0,0,0,0,0,0,0,2,1,0,0
BCW-200158,0,1,0,0,10,0,0,0,1,0,0,0,0,1,0,0,0,0,0,0,0,0,0,0,0,0
BCW-200159,0,1,0,0,10,0,0,0,1,0,0,0,0,1,0,0,0,0,0,0,0,0,0,0,0,0
BCW-200160,0,1,0,0,10,0,0,0,1,0,0,0,0,1,0,0,0,0,0,0,0,0,0,0,0,0
BCW-200161,0,0,0,0,4,0,0,1,1,0,0,0,0,5,0,0,0,0,0,0,0,0,0,1,0,0
BCW-200162,0,0,0,0,10,0,0,1,1,0,0,0,0,3,0,0,0,0,0,0,0,0,1,1,0,0
BCW-200163,0,1,0,0,10,0,0,0,1,0,0,0,0,1,0,0,0,0,0,0,0,0,0,0,0,0
BCW-200164,0,0,0,0,4,0,0,1,1,0,0,0,0,5,0,0,0,0,0,0,0,0,0,1,0,0
BCW-200165,0,0,0,0,4,0,0,1,1,0,0,0,0,5,0,0,0,0,0,0,0,0,0,1,0,0
BCW-200166,1,0,0,0,16,0,0,2,3,0,0,0,0,14,0,0,0,0,0,0,0,0,2,1,0,0
BCW-200167,0,0,0,0,7,0,0,1,1,0,0,0,0,8,0,0,0,0,0,0,0,0,1,1,0,0
BCW-200168,0,0,0,0,9,0,0,1,1,1,0,0,0,3,0,0,0,0,0,0,0,0,1,1,0,0
BCW-200169,0,0,0,0,4,0,0,1,1,0,0,0,0,5,0,0,0,0,0,0,0,0,0,1,0,0
BCW-200170,0,0,0,0,4,0,0,1,1,0,0,0,0,3,0,0,0,0,0,0,0,0,0,1,0,0
BCW-200171,0,0,0,0,4,0,0,1,1,0,0,0,0,5,0,0,0,0,0,0,0,0,0,1,0,0
BCW-200172,0,0,0,0,7,0,0,1,1,0,0,0,0,8,0,0,0,0,0,0,0,0,1,1,0,0
BCW-200173,0,0,0,0,2,0,0,0,1,0,0,0,1,9,0,0,0,0,0,0,0,0,0,0,0,0
BCW-200174,0,1,0,0,10,0,0,0,1,0,0,0,0,1,0,0,0,0,0,0,0,0,0,0,0,0
BCW-200175,0,0,0,0,9,0,0,0,1,0,0,0,0,6,0,0,0,0,0,0,0,0,1,0,0,0
BCW-200176,0,0,0,0,4,0,0,1,1,0,0,0,0,7,0,0,0,0,0,0,0,0,0,0,0,0
BCW-200177,0,0,0,0,7,0,0,1,1,0,0,0,0,8,0,0,0,0,0,0,0,0,1,1,0,0
BCW-200178,0,0,0,0,6,0,0,1,1,1,0,0,0,5,0,0,0,0,0,0,0,0,1,1,0,0
BCW-200179,0,0,0,0,14,0,0,1,2,1,0,0,0,9,0,0,0,0,0,0,0,0,2,1,0,0
BCW-200180,0,0,0,0,9,0,0,0,1,0,0,0,0,7,0,0,0,0,0,0,0,0,1,0,0,0
BCW-200181,0,0,0,0,5,0,0,1,1,1,0,0,0,3,0,0,0,0,0,0,0,0,1,1,0,0
BCW-200182,0,0,0,0,4,0,0,1,1,0,0,0,0,3,0,0,0,0,0,0,0,0,0,1,0,0
BCW-200183,0,0,0,0,5,0,0,1,1,1,0,0,0,3,0,0,0,0,0,0,0,0,1,1,0,0
BCW-200184,0,0,0,0,4,0,0,1,1,0,0,0,0,3,0,0,0,0,0,0,0,0,0,1,0,0
BCW-200185,0,0,0,0,6,0,0,1,1,1,0,0,0,5,0,0,0,0,0,0,0,0,0,1,0,0
BCW-200186,0,0,0,0,5,0,0,1,1,0,0,0,0,3,0,0,0,0,0,0,0,0,0,1,0,0
BCW-200187,0,0,0,0,5,0,0,1,1,1,0,0,0,3,0,0,0,0,0,0,0,0,1,1,0,0
BCW-200188,0,1,0,0,10,0,0,0,1,0,0,0,0,5,0,0,0,0,0,0,0,0,0,0,0,0
BCW-200189,0,0,0,0,10,0,0,2,2,1,0,0,0,7,0,0,0,0,0,0,0,0,1,2,0,0
BCW-200191,0,0,0,0,7,0,0,1,2,0,0,0,0,5,0,0,0,0,0,0,0,0,0,1,0,0
BCW-200192,0,1,0,0,10,0,0,0,1,0,0,0,0,5,0,0,0,0,0,0,0,0,0,0,0,0
BCW-200193,0,0,0,0,6,0,0,1,1,1,0,0,0,5,0,0,0,0,0,0,0,0,0,1,0,0
BCW-200194,0,0,0,0,5,0,0,1,1,1,0,0,0,3,0,0,0,0,0,0,0,0,1,1,0,0
BCW-200195,0,0,0,0,4,0,0,1,1,0,0,0,0,3,0,0,0,0,0,0,0,0,0,1,0,0
BCW-200196,0,1,0,0,10,0,0,0,1,0,0,0,0,5,0,0,0,0,0,0,0,0,0,0,0,0
BCW-200197,0,0,0,0,5,0,0,1,1,1,0,0,0,3,0,0,0,0,0,0,0,0,1,1,0,0
BCW-200198,0,1,0,0,9,0,0,0,1,0,0,0,0,3,0,0,0,0,0,0,0,0,1,0,0,0
BCW-200199,0,0,0,0,4,0,0,1,1,0,0,0,0,3,0,0,0,0,0,0,0,0,0,1,0,0
BCW-200200,0,0,0,0,4,0,0,1,1,0,0,0,0,3,0,0,0,0,0,0,0,0,0,1,0,0
BCW-200201,0,0,0,0,4,0,0,1,1,0,0,0,0,3,0,0,0,0,0,0,0,0,0,1,0,0
BCW-200202,0,0,0,0,6,0,0,0,1,0,0,0,0,4,0,0,0,0,0,0,0,0,0,2,0,0
BCW-200203,0,0,0,0,5,0,0,1,1,0,0,0,0,3,0,0,0,0,0,0,0,0,0,1,0,0
BCW-200204,0,0,0,0,4,0,0,1,1,0,0,0,0,6,0,0,0,0,0,0,0,0,0,1,0,0
BCW-200205,0,0,0,0,10,0,0,2,1,1,0,0,0,6,0,0,0,0,0,0,0,0,1,2,0,0
BCW-200206,0,0,0,0,6,0,0,1,1,1,0,0,0,5,0,0,0,0,0,0,0,0,0,1,0,0
BCW-200207,0,0,0,0,11,0,0,1,2,1,0,0,0,9,0,0,0,0,0,0,0,0,0,2,0,0
BCW-200208,0,0,0,0,12,0,2,2,1,0,0,0,0,13,0,0,0,0,0,0,0,0,0,0,0,0
BCW-200209,0,0,0,0,8,0,0,0,0,0,0,0,1,1,0,0,0,0,0,0,0,0,0,0,0,0
BCW-200210,0,0,0,0,5,0,0,1,1,1,0,0,0,3,0,0,0,0,0,0,0,0,1,1,0,0
BCW-200211,0,0,0,0,7,0,0,0,1,0,0,0,0,6,0,0,0,0,0,0,0,0,0,2,0,0
BCW-200212,0,0,0,0,5,0,0,0,0,0,0,0,0,12,0,0,0,0,0,0,0,0,0,0,0,0
BCW-200213,0,0,0,0,5,0,0,1,1,0,0,0,0,6,0,0,0,0,0,0,0,0,1,1,0,0
BCW-200214,0,0,0,0,5,0,0,1,1,1,0,0,0,3,0,0,0,0,0,0,0,0,1,1,0,0
BCW-200215,0,0,0,0,9,0,2,2,1,0,0,0,0,9,0,0,0,0,0,0,0,0,0,0,0,0
BCW-200216,0,0,0,0,5,0,0,1,1,1,0,0,0,6,0,0,0,0,0,0,0,0,0,1,0,0
BCW-200217,0,0,0,0,5,0,0,1,1,0,0,0,0,3,0,0,0,0,0,0,0,0,0,1,0,0
BCW-200218,0,0,0,0,7,0,0,1,1,0,0,0,0,6,0,0,0,0,0,0,0,0,0,1,0,0
BCW-200219,0,0,0,0,7,0,0,1,1,0,0,0,0,6,0,0,0,0,0,0,0,0,0,1,0,0
BCW-200221,0,0,0,0,4,0,0,1,1,0,0,0,0,3,0,0,0,0,0,0,0,0,0,1,0,0
BCW-200222,0,0,0,0,12,0,0,0,2,0,0,0,0,8,0,0,0,0,0,0,0,0,0,3,0,0
BCW-200223,0,0,0,0,4,0,0,1,1,0,0,0,0,3,0,0,0,0,0,0,0,0,0,1,0,0
BCW-200224,0,0,0,0,5,0,0,1,1,0,0,0,0,4,0,0,0,0,0,0,0,0,0,1,0,0
BCW-200225,0,0,0,0,4,0,0,1,1,0,0,0,0,3,0,0,0,0,0,0,0,0,0,1,0,0
BCW-200226,0,0,0,0,5,0,0,1,1,1,0,0,0,3,0,0,0,0,0,0,0,0,1,1,0,0
BCW-200227,0,0,0,0,5,0,0,1,1,1,0,0,0,3,0,0,0,0,0,0,0,0,1,1,0,0
BCW-200228,0,0,0,0,4,0,0,1,1,0,0,0,0,3,0,0,0,0,0,0,0,0,0,1,0,0
BCW-200229,0,0,0,0,7,0,0,0,1,0,0,0,0,2,0,0,0,0,0,0,0,0,1,0,0,0
BCW-200230,0,0,0,0,5,0,0,1,1,0,0,0,0,4,0,0,0,0,0,0,0,0,0,1,0,0
BCW-200231,0,0,0,0,6,0,0,1,1,0,0,0,0,5,0,0,0,0,0,0,0,0,0,1,0,0
BCW-200232,0,1,0,0,10,0,0,0,1,0,0,0,0,5,0,0,0,0,0,0,0,0,0,0,0,0
BCW-200233,0,0,0,0,4,0,0,1,1,0,0,0,0,3,0,0,0,0,0,0,0,0,0,1,0,0
BCW-200234,0,0,0,0,4,0,0,1,1,0,0,0,0,3,0,0,0,0,0,0,0,0,0,1,0,0
BCW-200235,0,0,0,0,4,0,0,1,1,0,0,0,0,3,0,0,0,0,0,0,0,0,0,1,0,0
BCW-200236,0,0,0,0,4,0,0,1,1,0,0,0,0,3,0,0,0,0,0,0,0,0,0,1,0,0
BCW-200237,0,0,0,0,4,0,0,1,1,0,0,0,0,3,0,0,0,0,0,0,0,0,0,1,0,0
BCW-200238,0,1,0,0,10,0,0,0,1,0,0,0,0,5,0,0,0,0,0,0,0,0,0,0,0,0
BCW-200239,0,0,0,0,5,0,0,1,1,0,0,0,0,4,0,0,0,0,0,0,0,0,0,1,0,0
BCW-200240,0,0,0,0,4,0,0,1,1,0,0,0,0,3,0,0,0,0,0,0,0,0,0,1,0,0
BCW-200241,0,0,0,0,7,0,0,0,1,0,0,0,0,2,0,0,0,0,0,0,0,0,1,0,0,0
BCW-200242,0,0,0,0,15,0,0,2,2,0,0,0,0,14,0,0,0,0,0,0,0,0,1,1,0,0
BCW-200243,0,0,0,0,11,0,0,2,2,1,0,0,0,13,0,0,0,0,0,0,0,0,1,2,0,0
BCW-200266,1,0,0,0,6,0,0,0,1,0,0,0,0,4,0,0,0,0,0,0,0,0,0,2,0,0
BCW-200267,0,0,0,0,8,0,0,0,1,0,0,0,0,7,0,0,0,0,0,0,0,0,0,2,0,0
BCW-200268,0,0,0,0,5,0,0,1,1,0,0,0,0,5,0,0,0,0,0,0,0,0,0,1,0,0
BCW-200269,0,0,0,0,7,0,0,1,1,0,0,0,0,5,0,0,0,0,0,0,0,0,0,1,0,0
BCW-200270,0,0,0,0,7,0,0,1,1,0,0,0,0,5,0,0,0,0,0,0,0,0,0,1,0,0
BCW-200271,0,0,0,0,7,0,0,1,1,0,0,0,0,5,0,0,0,0,0,0,0,0,0,1,0,0
BCW-200272,0,0,0,0,6,0,0,1,1,0,0,0,0,5,0,0,0,0,0,0,0,0,1,1,0,0
BCW-200274,0,0,0,0,7,0,0,2,2,0,0,0,0,10,0,0,0,0,0,0,0,0,0,1,0,0
BCW-200275,0,0,0,0,6,0,0,1,1,0,0,0,0,4,0,0,0,0,0,0,0,0,0,1,0,0
BCW-200276,0,0,0,0,7,0,0,1,1,0,0,0,0,6,0,0,0,0,0,0,0,0,1,1,0,0
BCW-200279,0,0,0,0,8,0,0,1,1,0,0,0,0,6,0,0,0,0,0,0,0,0,0,1,0,0
BCW-200281,0,0,0,0,5,0,0,1,1,0,0,0,0,4,0,0,0,0,0,0,0,0,1,1,0,0
BCW-200290,0,0,0,0,8,0,0,0,1,0,0,0,0,4,0,0,0,0,0,0,0,0,0,2,0,0
BCW-200294,0,0,0,0,6,0,0,1,1,0,0,0,0,4,0,0,0,0,0,0,0,0,1,1,0,0
BCW-200302,0,0,0,0,10,0,0,1,1,0,0,0,0,3,0,0,0,0,0,0,0,0,1,1,0,0
BCW-200307,0,0,0,0,10,0,0,1,1,0,0,0,0,3,0,0,0,0,0,0,0,0,1,1,0,0
BCW-200308,0,0,0,0,10,0,0,1,1,0,0,0,0,3,0,0,0,0,0,0,0,0,1,1,0,0
BCW-200311,0,0,0,0,5,0,0,1,1,0,0,0,0,6,0,0,0,0,0,0,0,0,1,1,0,0
BCW-200312,0,0,0,0,4,0,0,3,1,1,0,0,0,6,0,0,0,0,0,0,0,0,4,0,0,0
BCW-200315,1,0,0,0,3,0,0,1,1,0,0,0,0,7,0,0,0,0,0,0,0,0,1,1,0,0
BCW-200317,0,0,0,0,6,0,0,1,1,1,0,0,0,5,0,0,0,0,0,0,0,0,0,1,0,0
BCW-200319,0,0,0,0,7,0,0,1,1,0,0,0,0,6,0,0,0,0,0,0,0,0,1,2,0,0
BCW-200327,1,0,0,0,4,0,0,1,1,0,0,0,0,7,0,0,0,0,0,0,0,0,1,1,0,0
BCW-200328,0,0,0,0,12,0,2,2,1,0,0,0,0,13,0,0,0,0,0,0,0,0,0,0,0,0
BCW-200432,0,0,0,0,10,0,0,0,1,0,0,0,0,10,0,0,0,0,0,0,0,0,0,3,0,0
BCW-200436,0,0,0,0,8,0,0,0,1,0,0,0,0,10,0,0,0,0,0,0,0,0,0,2,0,0
BCW-200437,0,0,0,0,5,0,0,1,1,0,0,0,0,4,0,0,0,0,0,0,0,0,1,1,0,0
BCW-200438,0,0,0,0,5,0,0,1,1,0,0,0,0,3,0,0,0,0,0,0,0,0,1,1,0,0
BCW-200440,0,0,0,0,5,0,0,1,1,0,0,0,0,4,0,0,0,0,0,0,0,0,1,1,0,0
BCW-200442,0,0,0,0,5,0,0,1,1,0,0,0,0,4,0,0,0,0,0,0,0,0,1,1,0,0
BCW-200443,0,0,0,0,9,0,0,0,1,0,0,0,0,5,0,0,0,0,0,0,0,0,0,2,0,0
BCW-200444,0,0,0,0,5,0,0,1,1,0,0,0,0,4,0,0,0,0,0,0,0,0,1,1,0,0
BCW-200446,0,0,0,0,5,0,0,1,1,0,0,0,0,4,0,0,0,0,0,0,0,0,1,1,0,0
BCW-200449,0,0,0,0,5,0,0,1,1,0,0,0,0,3,0,0,0,0,0,0,0,0,1,1,0,0
BCW-200458,0,0,0,0,9,0,0,0,1,0,0,0,0,13,0,0,0,0,0,0,0,0,0,2,0,0
BCW-200460,0,0,0,0,8,0,0,0,1,0,0,0,0,11,0,0,0,0,0,0,0,0,0,2,0,0
BCW-200462,0,0,0,0,6,0,0,1,1,0,0,0,0,4,0,0,0,0,0,0,0,0,1,1,0,0
BCW-200464,0,0,0,0,9,0,2,2,1,0,0,0,0,14,0,0,0,0,0,0,0,0,0,0,0,0
BCW-200465,0,0,0,0,12,0,2,2,1,0,0,0,0,13,0,0,0,0,0,0,0,0,0,0,0,0
BCW-200470,0,0,0,0,6,0,0,1,1,0,0,0,0,4,0,0,0,0,0,0,0,0,1,1,0,0
BCW-200471,0,0,0,0,8,0,0,0,1,0,0,0,0,6,0,0,0,0,0,0,0,0,0,2,0,0
BCW-200473,0,0,0,0,7,0,0,1,1,0,0,0,0,5,0,0,0,0,0,0,0,0,0,1,0,0
BCW-200476,0,0,0,0,9,0,0,0,1,0,0,0,0,5,0,0,0,0,0,0,0,0,0,2,0,0
BCW-200477,1,0,0,0,7,0,0,1,1,0,0,0,0,6,0,0,0,0,0,0,0,0,0,0,0,0
BCW-200488,0,0,0,0,5,0,0,1,1,0,0,0,0,3,0,0,0,0,0,0,0,0,1,1,0,0
BCW-200496,0,0,0,0,5,0,0,1,1,0,0,0,0,3,0,0,0,0,0,0,0,0,1,1,0,0
BCW-200497,0,0,0,0,8,0,0,0,1,0,0,0,0,7,0,0,0,0,0,0,0,0,0,2,0,0
BCW-200498,0,0,0,0,8,0,0,0,1,0,0,0,0,7,0,0,0,0,0,0,0,0,0,2,0,0
BCW-200499,0,0,0,0,5,0,0,1,1,0,0,0,0,3,0,0,0,0,0,0,0,0,1,1,0,0
BCW-200505,0,0,0,0,5,0,0,1,1,0,0,0,0,3,0,0,0,0,0,0,0,0,1,1,0,0
BCW-200508,0,0,0,0,13,0,0,2,2,0,0,0,0,6,0,0,0,0,0,0,0,0,2,1,0,0
BCW-200509,0,0,0,0,10,0,0,1,1,0,0,0,0,3,0,0,0,0,0,0,0,0,1,1,0,0
BCW-200514,0,0,0,0,5,0,0,1,1,0,0,0,0,3,0,0,0,0,0,0,0,0,1,1,0,0
BCW-200516,0,0,0,0,15,0,0,1,1,0,0,0,0,10,0,0,0,0,0,0,0,0,1,2,0,0
BCW-200517,0,0,0,0,10,0,0,1,1,0,0,0,0,3,0,0,0,0,0,0,0,0,1,1,0,0
BCW-200521,0,0,0,0,5,0,0,1,1,0,0,0,0,3,0,0,0,0,0,0,0,0,1,1,0,0
BCW-200525,0,0,0,0,5,0,0,1,1,0,0,0,0,4,0,0,0,0,0,0,0,0,0,1,0,0
BCW-200526,0,0,0,0,15,0,0,2,2,0,0,0,0,13,0,0,0,0,0,0,0,0,0,3,0,0
BCW-200527,0,0,0,0,8,0,0,0,1,0,0,0,0,7,0,0,0,0,0,0,0,0,0,2,0,0
BCW-200528,0,0,0,0,8,0,0,0,1,0,0,0,0,7,0,0,0,0,0,0,0,0,0,2,0,0
BCW-200529,0,0,0,0,6,0,0,1,1,0,0,0,0,3,0,0,0,0,0,0,0,0,1,1,0,0
BCW-200533,3,0,0,0,8,0,0,1,1,0,0,0,1,13,0,0,3,0,0,0,0,0,0,0,4,0
BCW-200539,1,0,0,0,4,0,0,1,1,0,0,0,0,6,0,0,0,0,0,0,0,0,3,1,0,0
BCW-200542,1,0,0,0,4,0,0,1,1,0,0,0,0,7,0,0,0,0,0,0,0,0,1,1,0,0
BCW-200544,1,0,0,0,3,0,0,1,1,0,0,0,0,8,0,0,0,0,0,0,0,0,0,1,0,0
BCW-200545,0,0,0,0,5,0,0,1,1,0,0,0,0,9,0,0,0,0,0,0,0,0,2,1,0,0
BCW-200547,1,0,0,0,4,0,0,1,1,0,0,0,0,7,0,0,0,0,0,0,0,0,1,1,0,0
BCW-200552,0,0,0,0,5,0,0,1,1,1,0,0,0,9,0,0,0,0,0,0,0,0,1,1,0,0
BCW-200553,0,0,0,0,8,0,0,1,1,0,0,0,0,3,0,0,0,0,0,0,0,0,1,1,0,0
BCW-200555,0,0,0,0,5,0,0,1,1,0,0,0,0,3,0,0,0,0,0,0,0,0,1,1,0,0
BCW-200556,0,0,0,0,6,0,0,1,1,0,0,0,0,4,0,0,0,0,0,0,0,0,0,1,0,0
BCW-200559,0,0,0,0,5,0,0,1,1,1,0,0,0,9,0,0,0,0,0,0,0,0,1,1,0,0
BCW-200561,0,0,0,0,6,0,0,1,1,0,0,0,0,5,0,0,0,0,0,0,0,0,1,1,0,0
BCW-200564,0,0,0,0,5,0,0,1,1,0,0,0,0,9,0,0,0,0,0,0,0,0,2,1,0,0
BCW-200565,0,0,0,0,5,0,0,1,1,0,0,0,0,9,0,0,0,0,0,0,0,0,2,1,0,0
BCW-200566,0,0,0,0,6,0,0,1,1,0,0,0,0,4,0,0,0,0,0,0,0,0,1,1,0,0
BCW-200567,0,0,0,0,6,0,0,1,1,1,0,0,0,3,0,0,0,0,0,0,0,0,1,1,0,0
BCW-200570,0,0,0,0,6,0,0,0,1,0,0,0,0,3,0,0,0,0,0,0,0,0,0,2,0,0
BCW-200574,0,0,0,0,6,0,0,0,1,0,0,0,0,3,0,0,0,0,0,0,0,0,0,2,0,0
BCW-200577,0,0,0,0,5,0,0,1,1,0,0,0,0,3,0,0,0,0,0,0,0,0,1,1,0,0
BCW-200578,0,0,0,0,4,0,0,1,1,0,0,0,0,10,0,0,0,0,0,0,0,0,2,1,0,0
BCW-200587,1,0,0,0,5,0,0,0,1,0,0,0,0,4,0,0,0,0,0,0,0,0,0,2,0,0
BCW-200588,0,0,0,0,8,0,0,0,1,0,0,0,0,7,0,0,0,0,0,0,0,0,0,2,0,0
BCW-200589,1,0,0,0,5,0,0,0,1,0,0,0,0,4,0,0,0,0,0,0,0,0,0,2,0,0
BCW-200596,0,0,0,0,7,0,0,1,1,0,0,0,0,5,0,0,0,0,0,0,0,0,0,1,0,0
BCW-200598,0,0,0,0,11,0,0,1,2,0,0,0,0,8,0,0,0,0,0,0,0,0,0,1,0,0
BCW-200599,0,0,0,0,9,0,0,0,1,0,0,0,0,13,0,0,0,0,0,0,0,0,0,3,0,0
BCW-200600,0,0,0,0,5,0,0,1,1,0,0,0,0,3,0,0,0,0,0,0,0,0,0,1,0,0
BCW-200607,0,0,0,0,8,0,0,0,1,0,0,0,0,7,0,0,0,0,0,0,0,0,0,2,0,0
BCW-200620,0,0,0,0,6,0,0,1,1,0,0,0,0,3,0,0,0,0,0,0,0,0,1,1,0,0
BCW-200621,0,0,0,0,8,0,0,0,1,0,0,0,0,10,0,0,0,0,0,0,0,0,0,2,0,0
BCW-200624,0,0,0,0,6,0,0,1,0,0,0,0,0,4,0,0,0,0,0,0,0,0,1,0,0,0
BCW-200634,0,0,0,0,6,0,0,1,1,0,0,0,0,4,0,0,0,0,0,0,0,0,0,1,0,0
BCW-200641,0,0,0,0,6,0,0,1,1,0,0,0,0,4,0,0,0,0,0,0,0,0,0,1,0,0
BCW-200642,0,0,0,0,5,0,0,1,1,0,0,0,0,9,0,0,0,0,0,0,0,0,2,1,0,0
BCW-200644,0,0,0,0,4,0,0,1,1,0,0,0,0,10,0,0,0,0,0,0,0,0,2,1,0,0
BCW-200646,1,0,0,0,6,0,0,0,1,0,0,0,0,4,0,0,0,0,0,0,0,0,0,2,0,0
BCW-200647,0,0,0,0,4,0,0,1,1,0,0,0,0,10,0,0,0,0,0,0,0,0,2,1,0,0
BCW-200648,0,0,0,0,5,0,0,1,1,0,0,0,0,3,0,0,0,0,0,0,0,0,1,1,0,0
BCW-200649,0,0,0,0,5,0,0,1,1,0,0,0,0,9,0,0,0,0,0,0,0,0,2,1,0,0
BCW-200650,0,0,0,0,4,0,0,1,1,0,0,0,0,10,0,0,0,0,0,0,0,0,2,1,0,0
BCW-200651,0,0,0,0,8,0,0,1,1,0,0,0,0,7,0,0,0,0,0,0,0,0,1,1,0,0
BCW-200656,0,0,0,0,9,0,0,1,1,0,0,0,0,3,0,0,0,0,0,0,0,0,1,1,0,0
BCW-200660,0,0,0,0,8,0,0,1,1,0,0,0,0,7,0,0,0,0,0,0,0,0,1,1,0,0
BCW-200661,0,0,0,0,8,0,0,1,1,0,0,0,0,3,0,0,0,0,0,0,0,0,1,1,0,0
BCW-200662,0,0,0,0,8,0,0,1,1,0,0,0,0,7,0,0,0,0,0,0,0,0,1,1,0,0
BCW-200663,0,0,0,0,12,0,2,2,1,0,0,0,0,17,0,0,0,0,0,0,0,0,0,0,0,0
BCW-200665,0,0,0,0,8,0,0,1,1,0,0,0,0,3,0,0,0,0,0,0,0,0,1,1,0,0
BCW-200667,0,0,0,0,5,0,0,1,1,1,0,0,0,6,0,0,0,0,0,0,0,0,0,1,0,0
BCW-200669,0,0,0,0,5,0,0,1,1,1,0,0,0,6,0,0,0,0,0,0,0,0,0,1,0,0
BCW-200704,0,0,0,0,7,0,0,1,1,0,0,0,0,6,0,0,0,0,0,0,0,0,1,1,0,0
BCW-200705,0,0,0,0,12,0,2,2,1,0,0,0,0,13,0,0,0,0,0,0,0,0,0,0,0,0
BCW-200715,0,0,0,0,5,0,0,1,1,0,0,0,0,9,0,0,0,0,0,0,0,0,2,1,0,0
BCW-200716,0,0,0,0,5,0,0,1,1,0,0,0,0,9,0,0,0,0,0,0,0,0,2,1,0,0
BCW-200717,0,0,0,0,13,0,0,1,2,0,0,0,0,11,0,0,0,0,0,0,0,0,3,1,0,0
BCW-200718,0,0,0,0,5,0,0,1,1,0,0,0,0,9,0,0,0,0,0,0,0,0,2,1,0,0
BCW-200722,0,0,0,0,8,0,0,2,2,0,0,0,0,13,0,0,0,0,0,0,0,0,2,2,0,0
BCW-200723,0,0,0,0,5,0,0,1,1,0,0,0,0,9,0,0,0,0,0,0,0,0,2,1,0,0
BCW-200724,0,0,0,0,5,0,0,1,1,0,0,0,0,9,0,0,0,0,0,0,0,0,2,1,0,0
BCW-200725,0,0,0,0,5,0,0,1,1,0,0,0,0,9,0,0,0,0,0,0,0,0,2,1,0,0
BCW-200726,0,0,0,0,5,0,0,1,1,0,0,0,0,9,0,0,0,0,0,0,0,0,2,1,0,0
BCW-200727,0,0,0,0,5,0,0,1,1,0,0,0,0,4,0,0,0,0,0,0,0,0,0,1,0,0
BCW-200735,0,0,0,0,13,0,0,1,2,0,0,0,0,11,0,0,0,0,0,0,0,0,3,1,0,0
BCW-200736,0,0,0,0,5,0,0,1,1,0,0,0,0,9,0,0,0,0,0,0,0,0,2,1,0,0
BCW-200738,0,0,0,0,5,0,0,1,1,0,0,0,0,4,0,0,0,0,0,0,0,0,0,1,0,0
BCW-200775,0,0,0,0,8,0,0,1,1,0,0,0,0,3,0,0,0,0,0,0,0,0,1,1,0,0
BCW-200776,0,0,0,0,8,0,0,1,1,0,0,0,0,3,0,0,0,0,0,0,0,0,1,1,0,0
BCW-200785,0,0,0,0,10,0,0,0,2,0,0,0,0,14,0,0,0,0,0,0,0,0,0,1,0,0
BCW-200790,0,0,0,0,8,0,0,0,1,0,0,0,0,7,0,0,0,0,0,0,0,0,0,2,0,0
BCW-200791,0,0,0,0,8,0,0,0,1,0,0,0,0,7,0,0,0,0,0,0,0,0,0,2,0,0
BCW-200797,0,0,0,0,5,0,0,1,1,1,0,0,0,9,0,0,0,0,0,0,0,0,1,1,0,0
BCW-200798,0,0,0,0,5,0,0,1,1,1,0,0,0,9,0,0,0,0,0,0,0,0,1,1,0,0
BCW-200800,0,0,0,0,5,0,0,1,1,1,0,0,0,9,0,0,0,0,0,0,0,0,1,1,0,0
BCW-200801,0,0,0,0,5,0,0,1,1,1,0,0,0,9,0,0,0,0,0,0,0,0,1,1,0,0
BCW-200806,0,0,0,0,6,0,0,1,1,0,0,0,0,5,0,0,0,0,0,0,0,0,1,1,0,0
BCW-200808,0,0,0,0,6,0,0,1,1,0,0,0,0,5,0,0,0,0,0,0,0,0,1,1,0,0
BCW-200810,0,0,0,0,6,0,0,1,1,0,0,0,0,5,0,0,0,0,0,0,0,0,1,1,0,0
BCW-200814,0,0,0,0,5,0,0,1,1,0,0,0,0,9,0,0,0,0,0,0,0,0,2,1,0,0
BCW-200815,0,0,0,0,5,0,0,1,1,0,0,0,0,9,0,0,0,0,0,0,0,0,2,1,0,0
BCW-200818,0,0,0,0,5,0,0,1,1,1,0,0,0,9,0,0,0,0,0,0,0,0,1,1,0,0
BCW-200820,0,0,0,0,5,0,0,1,1,0,0,0,0,3,0,0,0,0,0,0,0,0,1,1,0,0
BCW-200821,0,0,0,0,4,0,0,1,1,0,0,0,0,10,0,0,0,0,0,0,0,0,2,1,0,0
BCW-200828,0,0,0,0,4,0,0,1,1,0,0,0,0,10,0,0,0,0,0,0,0,0,2,1,0,0
BCW-200847,0,0,0,0,5,0,0,1,1,0,0,0,0,3,0,0,0,0,0,0,0,0,1,1,0,0
BCW-200855,0,0,0,0,5,0,0,1,1,0,0,0,0,3,0,0,0,0,0,0,0,0,1,1,0,0
BCW-200874,0,0,0,0,5,0,0,1,1,0,0,0,0,3,0,0,0,0,0,0,0,0,1,1,0,0
BCW-200879,0,0,0,0,5,0,0,1,1,0,0,0,0,3,0,0,0,0,0,0,0,0,1,1,0,0
BCW-200880,0,0,0,0,5,0,0,1,1,0,0,0,0,3,0,0,0,0,0,0,0,0,1,1,0,0
BCW-200881,0,0,0,0,5,0,0,1,1,0,0,0,0,3,0,0,0,0,0,0,0,0,1,1,0,0
BCW-200882,0,0,0,0,5,0,0,1,1,0,0,0,0,3,0,0,0,0,0,0,0,0,1,1,0,0
BCW-200883,0,0,0,0,4,0,0,1,1,0,0,0,0,5,0,0,0,0,0,0,0,0,0,1,0,0
BCW-200885,0,0,0,0,5,0,0,1,1,0,0,0,0,3,0,0,0,0,0,0,0,0,1,1,0,0
BCW-200886,0,0,0,0,5,0,0,1,1,0,0,0,0,3,0,0,0,0,0,0,0,0,1,1,0,0
BCW-200887,0,0,0,0,5,0,0,1,1,0,0,0,0,3,0,0,0,0,0,0,0,0,1,1,0,0
BCW-200891,0,0,0,0,5,0,0,1,1,0,0,0,0,4,0,0,0,0,0,0,0,0,1,1,0,0
BCW-200892,0,0,0,0,5,0,0,1,1,0,0,0,0,4,0,0,0,0,0,0,0,0,1,1,0,0
BCW-200902,0,0,0,0,12,0,2,2,1,0,0,0,0,13,0,0,0,0,0,0,0,0,0,0,0,0
BCW-200903,0,0,0,0,12,0,2,2,1,0,0,0,0,16,0,0,0,0,0,0,0,0,0,0,0,0
BCW-200904,0,0,0,0,12,0,2,2,1,0,0,0,0,16,0,0,0,0,0,0,0,0,0,0,0,0
BCW-200909,0,0,0,0,5,0,0,1,1,0,0,0,0,3,0,0,0,0,0,0,0,0,1,1,0,0
BCW-200910,0,0,0,0,12,0,2,2,1,0,0,0,0,13,0,0,0,0,0,0,0,0,0,0,0,0
BCW-200912,0,0,0,0,12,0,2,2,1,0,0,0,0,16,0,0,0,0,0,0,0,0,0,0,0,0
BCW-200915,0,0,0,0,5,0,0,1,1,0,0,0,0,3,0,0,0,0,0,0,0,0,1,1,0,0
BCW-200920,0,0,0,0,12,0,2,2,1,0,0,0,0,16,0,0,0,0,0,0,0,0,0,0,0,0
BCW-200926,0,0,0,0,5,0,0,1,1,0,0,0,0,3,0,0,0,0,0,0,0,0,1,1,0,0
BCW-200931,0,0,0,0,11,0,0,2,2,1,0,0,0,12,0,0,0,0,0,0,0,0,3,2,0,0
BCW-200938,1,0,0,0,6,0,0,0,1,0,0,0,0,4,0,0,0,0,0,0,0,0,0,2,0,0
BCW-200939,1,0,0,0,6,0,0,0,1,0,0,0,0,4,0,0,0,0,0,0,0,0,0,2,0,0
BCW-200944,1,0,0,0,6,0,0,0,1,0,0,0,0,4,0,0,0,0,0,0,0,0,0,2,0,0
BCW-200945,1,0,0,0,6,0,0,0,1,0,0,0,0,4,0,0,0,0,0,0,0,0,0,2,0,0
BCW-200951,0,0,0,0,6,0,0,1,1,1,0,0,0,3,0,0,0,0,0,0,0,0,1,1,0,0
BCW-200952,1,0,0,0,6,0,0,1,1,0,0,0,0,4,0,0,0,0,0,0,0,0,1,2,0,0
BCW-200955,0,0,0,0,6,0,0,1,1,1,0,0,0,3,0,0,0,0,0,0,0,0,1,1,0,0
BCW-200973,0,0,0,0,17,0,0,4,4,2,0,0,0,14,0,0,0,0,0,0,0,0,2,3,0,0
BCW-200983,1,0,0,0,4,0,0,1,1,0,0,0,0,6,0,0,0,0,0,0,0,0,3,1,0,0
BCW-200984,1,0,0,0,4,0,0,1,1,0,0,0,0,6,0,0,0,0,0,0,0,0,3,1,0,0
BCW-200986,1,0,0,0,4,0,0,1,1,0,0,0,0,6,0,0,0,0,0,0,0,0,3,1,0,0
BCW-200988,1,0,0,0,4,0,0,1,1,0,0,0,0,6,0,0,0,0,0,0,0,0,3,1,0,0
BCW-200989,0,0,0,0,6,0,0,1,1,0,0,0,0,4,0,0,0,0,0,0,0,0,0,1,0,0
BCW-200990,0,0,0,0,6,0,0,1,1,0,0,0,0,4,0,0,0,0,0,0,0,0,0,1,0,0
BCW-200991,0,0,0,0,6,0,0,1,1,0,0,0,0,4,0,0,0,0,0,0,0,0,0,1,0,0
BCW-200993,0,0,2,0,3,0,0,1,1,0,0,0,0,7,0,0,0,0,0,0,0,0,1,2,0,0
BCW-200994,0,0,0,0,6,0,0,1,1,0,0,0,0,4,0,0,0,0,0,0,0,0,0,1,0,0
BCW-201007,0,0,0,0,5,0,0,1,1,0,0,0,0,9,0,0,0,0,0,0,0,0,2,1,0,0
BCW-201008,0,0,0,0,5,0,0,1,1,0,0,0,0,9,0,0,0,0,0,0,0,0,2,1,0,0
BCW-201010,0,0,0,0,5,0,0,1,1,0,0,0,0,9,0,0,0,0,0,0,0,0,2,1,0,0
BCW-201013,0,0,0,0,5,0,0,1,1,0,0,0,0,9,0,0,0,0,0,0,0,0,2,1,0,0
BCW-201014,0,0,0,0,5,0,0,1,1,0,0,0,0,9,0,0,0,0,0,0,0,0,2,1,0,0
BCW-201019,0,0,0,0,9,0,0,1,1,0,0,0,0,8,0,0,0,0,0,0,0,0,1,1,0,0
BCW-201020,0,0,0,0,9,0,0,1,1,0,0,0,0,8,0,0,0,0,0,0,0,0,1,1,0,0
BCW-201021,0,0,0,0,9,0,0,1,1,0,0,0,0,8,0,0,0,0,0,0,0,0,1,1,0,0
BCW-201024,0,0,0,0,5,0,0,1,1,0,0,0,0,9,0,0,0,0,0,0,0,0,2,1,0,0
BCW-201025,0,0,0,0,5,0,0,1,1,0,0,0,0,9,0,0,0,0,0,0,0,0,2,1,0,0
BCW-201028,0,0,0,0,5,0,0,1,1,0,0,0,0,9,0,0,0,0,0,0,0,0,2,1,0,0
BCW-201036,0,0,0,0,5,0,0,1,1,0,0,0,0,9,0,0,0,0,0,0,0,0,2,1,0,0
BCW-201044,0,0,0,0,5,0,0,1,1,0,0,0,0,3,0,0,0,0,0,0,0,0,1,1,0,0
BCW-201045,0,0,0,0,6,0,0,1,1,0,0,0,0,4,0,0,0,0,0,0,0,0,0,1,0,0
BCW-201051,0,0,0,0,6,0,0,2,1,0,0,0,0,8,0,0,0,0,0,0,0,0,0,1,0,0
BCW-201054,0,0,0,0,6,0,0,2,1,0,0,0,0,8,0,0,0,0,0,0,0,0,0,1,0,0
BCW-201056,0,0,0,0,7,0,1,1,1,1,0,0,0,1,0,0,0,0,0,0,0,0,3,1,0,0
BCW-201058,0,0,0,0,6,0,0,1,1,0,0,0,0,6,0,0,0,0,0,0,0,0,1,1,0,0
BCW-201059,0,0,0,0,5,0,0,1,1,1,0,0,0,9,0,0,0,0,0,0,0,0,1,1,0,0
BCW-201070,0,0,0,0,5,0,0,1,1,1,0,0,0,9,0,0,0,0,0,0,0,0,1,1,0,0
BCW-201071,0,0,0,0,5,0,0,1,1,0,0,0,0,3,0,0,0,0,0,0,0,0,1,1,0,0
BCW-201075,0,0,0,0,8,0,0,1,1,0,0,0,0,3,0,0,0,0,0,0,0,0,1,1,0,0
BCW-201078,0,0,0,0,8,0,0,1,1,0,0,0,0,3,0,0,0,0,0,0,0,0,1,1,0,0
BCW-201079,0,0,0,0,6,0,0,2,1,0,0,0,0,8,0,0,0,0,0,0,0,0,0,1,0,0
BCW-201081,1,0,1,0,6,0,0,1,1,0,0,0,0,9,0,0,0,0,0,0,0,0,2,1,0,0
BCW-201082,0,1,0,0,14,0,0,2,2,0,0,0,0,12,0,0,0,0,0,0,0,0,3,1,0,0
BCW-201083,0,1,0,0,4,0,0,1,1,0,0,0,0,5,0,0,0,0,0,0,0,0,3,1,0,0
BCW-201084,0,0,0,0,6,0,0,1,1,0,0,0,0,4,0,0,0,0,0,0,0,0,0,1,0,0
BCW-201085,1,0,0,0,4,0,0,1,1,0,0,0,0,7,0,0,0,0,0,0,0,0,1,1,0,0
BCW-201088,0,0,0,0,5,0,0,1,1,1,0,0,0,9,0,0,0,0,0,0,0,0,1,1,0,0
BCW-201090,0,0,0,0,6,0,0,1,1,0,0,0,0,4,0,0,0,0,0,0,0,0,0,1,0,0
BCW-201091,0,0,0,0,5,0,0,1,1,1,0,0,0,9,0,0,0,0,0,0,0,0,1,1,0,0
BCW-201097,0,0,0,0,7,0,0,1,1,0,0,0,0,6,0,0,0,0,0,0,0,0,1,1,0,0
BCW-201098,0,0,0,0,7,0,0,1,1,0,0,0,0,6,0,0,0,0,0,0,0,0,1,1,0,0
BCW-201103,0,0,0,0,6,0,0,1,1,0,0,0,0,4,0,0,0,0,0,0,0,0,0,1,0,0
BCW-201107,0,0,0,0,8,0,0,1,1,0,0,0,0,3,0,0,0,0,0,0,0,0,1,1,0,0
BCW-201151,0,0,0,0,7,0,0,1,1,0,0,0,0,5,0,0,0,0,0,0,0,0,0,1,0,0
BCW-201152,0,1,0,0,4,0,0,1,1,0,0,0,0,5,0,0,0,0,0,0,0,0,3,1,0,0
BCW-201153,1,0,0,0,4,0,0,1,1,0,0,0,0,7,0,0,0,0,0,0,0,0,1,1,0,0
BCW-201154,0,1,0,0,4,0,0,1,1,0,0,0,0,5,0,0,0,0,0,0,0,0,3,1,0,0
BCW-201155,0,0,0,0,6,0,0,1,1,0,0,0,0,6,0,0,0,0,0,0,0,0,1,1,0,0
BCW-201162,0,0,0,0,5,0,0,1,1,1,0,0,0,9,0,0,0,0,0,0,0,0,1,1,0,0
BCW-201173,0,0,0,0,7,0,0,1,1,0,0,0,0,8,0,0,0,0,0,0,0,0,3,1,0,0
BCW-201175,0,0,0,0,5,0,0,1,1,0,0,0,0,9,0,0,0,0,0,0,0,0,2,1,0,0
BCW-201176,0,0,0,0,5,0,0,1,1,0,0,0,0,9,0,0,0,0,0,0,0,0,2,1,0,0
BCW-201184,0,0,0,0,5,0,0,1,1,1,0,0,0,9,0,0,0,0,0,0,0,0,1,1,0,0
BCW-201185,1,0,0,0,3,0,1,1,1,0,0,0,0,9,0,0,0,0,0,0,0,0,0,1,0,0
BCW-201186,0,0,0,0,5,0,0,1,1,0,0,0,0,9,0,0,0,0,0,0,0,0,2,1,0,0
BCW-201187,0,0,0,0,5,0,0,1,1,0,0,0,0,9,0,0,0,0,0,0,0,0,2,1,0,0
BCW-201236,0,0,0,0,7,0,0,1,1,0,0,0,0,3,0,0,0,0,0,0,0,0,2,1,0,0
BCW-201238,1,0,0,0,4,0,0,1,1,0,0,0,0,7,0,0,0,0,0,0,0,0,1,1,0,0
BCW-201245,0,0,0,0,6,0,0,1,1,0,0,0,0,5,0,0,0,0,0,0,0,0,1,1,0,0
BCW-201248,0,0,0,0,6,0,0,1,1,0,0,0,0,5,0,0,0,0,0,0,0,0,1,1,0,0
BCW-201257,1,0,0,0,3,0,1,1,1,0,0,0,0,9,0,0,0,0,0,0,0,0,0,1,0,0
BCW-201258,0,0,0,0,6,0,0,1,1,0,0,0,0,4,0,0,0,0,0,0,0,0,0,1,0,0
BCW-201259,0,0,0,0,5,0,0,1,1,1,0,0,0,9,0,0,0,0,0,0,0,0,1,1,0,0
BCW-201260,0,0,0,0,6,0,0,1,1,0,0,0,0,4,0,0,0,0,0,0,0,0,0,1,0,0
BCW-201263,0,0,0,0,8,0,0,1,1,0,0,0,0,7,0,0,0,0,0,0,0,0,1,1,0,0
BCW-201267,0,0,0,0,6,0,0,1,1,0,0,0,0,4,0,0,0,0,0,0,0,0,1,1,0,0
BCW-201290,0,0,0,0,10,0,0,0,2,0,0,0,0,14,0,0,0,0,0,0,0,0,0,1,0,0
BCW-201292,0,0,0,0,9,0,0,0,1,0,0,0,0,13,0,0,0,0,0,0,0,0,0,2,0,0
BCW-201293,0,0,0,0,9,0,0,0,1,0,0,0,0,13,0,0,0,0,0,0,0,0,0,2,0,0
BCW-201297,0,0,0,0,4,0,0,1,1,0,0,0,0,10,0,0,0,0,0,0,0,0,2,1,0,0
BCW-201302,0,0,0,0,4,0,0,1,1,0,0,0,0,10,0,0,0,0,0,0,0,0,2,1,0,0
BCW-201303,0,0,0,0,4,0,0,1,1,0,0,0,0,10,0,0,0,0,0,0,0,0,2,1,0,0
BCW-201304,0,0,0,0,4,0,0,1,1,0,0,0,0,10,0,0,0,0,0,0,0,0,2,1,0,0
BCW-201315,0,0,0,0,4,0,0,1,1,0,0,0,0,10,0,0,0,0,0,0,0,0,2,1,0,0
BCW-201350,1,0,0,0,3,0,0,1,1,0,0,0,0,8,0,0,0,0,0,0,0,0,0,1,0,0
BCW-201441,0,0,0,0,8,0,0,1,1,0,0,0,0,7,0,0,0,0,0,0,0,0,1,1,0,0
BCW-201443,0,0,0,0,5,0,0,1,1,0,0,0,0,4,0,0,0,0,0,0,0,0,0,1,0,0
BCW-201444,0,0,0,0,4,0,0,1,1,0,0,0,0,3,0,0,0,0,0,0,0,0,0,1,0,0
BCW-201445,0,0,0,0,4,0,0,1,1,0,0,0,0,3,0,0,0,0,0,0,0,0,0,1,0,0
BCW-201450,0,0,0,0,7,0,0,1,1,0,0,0,0,1,0,0,0,0,0,0,0,0,1,1,0,0
BCW-201453,0,0,0,0,8,0,0,0,1,0,0,0,0,2,0,0,0,0,0,0,0,0,1,0,0,0
BCW-201461,0,0,0,0,5,0,0,1,1,0,0,0,0,4,0,0,0,0,0,0,0,0,0,1,0,0
BCW-201614,0,0,0,0,7,0,0,1,1,0,0,0,0,6,0,0,0,0,0,0,0,0,1,1,0,0
BCW-201615,0,0,0,0,8,0,0,1,1,0,0,0,0,3,0,0,0,0,0,0,0,0,1,1,0,0
BCW-201620,0,0,0,0,8,0,0,1,1,0,0,0,0,3,0,0,0,0,0,0,0,0,1,1,0,0
BCW-201648,0,0,0,0,5,0,0,1,1,0,0,0,0,9,0,0,0,0,0,0,0,0,2,1,0,0
BCW-201649,0,0,0,0,5,0,0,1,1,0,0,0,0,3,0,0,0,0,0,0,0,0,1,1,0,0
BCW-201653,0,0,0,0,6,0,0,2,1,0,0,0,0,8,0,0,0,0,0,0,0,0,0,1,0,0
BCW-201654,0,0,0,0,5,0,0,1,1,0,0,0,0,9,0,0,0,0,0,0,0,0,2,1,0,0
BCW-201659,0,0,0,0,5,0,0,1,1,1,0,0,0,6,0,0,0,0,0,0,0,0,0,1,0,0
BCW-201662,0,0,0,0,6,0,0,2,1,0,0,0,0,8,0,0,0,0,0,0,0,0,0,1,0,0
BCW-201703,0,0,0,0,8,0,0,1,1,0,0,0,0,3,0,0,0,0,0,0,0,0,1,1,0,0
BCW-201721,0,0,0,0,6,0,0,1,1,1,0,0,0,5,0,0,0,0,0,0,0,0,0,1,0,0
BCW-201726,0,0,0,0,6,0,0,1,1,0,0,0,0,5,0,0,0,0,0,0,0,0,0,1,0,0
BCW-201808,0,0,0,0,9,0,0,1,1,0,0,0,0,4,0,0,0,0,0,0,0,0,1,1,0,0
BCW-201809,1,0,0,0,4,0,0,1,1,0,0,0,0,7,0,0,0,0,0,0,0,0,1,1,0,0
BCW-201811,0,0,0,0,11,0,0,1,1,0,0,0,0,4,0,0,0,0,0,0,0,0,0,1,0,0
BCW-201812,0,0,0,0,4,0,0,1,1,0,0,0,0,5,0,0,0,0,0,0,0,0,0,1,0,0
BCW-201813,1,0,0,7,6,4,0,0,0,3,1,2,5,2,0,1,0,1,4,0,9,1,3,0,0,5
BCW-201814,0,0,0,0,4,0,0,1,1,0,0,0,0,5,0,0,0,0,0,0,0,0,0,1,0,0
BCW-201815,1,0,0,7,6,4,0,0,0,3,1,2,5,2,0,1,0,1,4,0,9,1,3,0,0,5
BCW-201818,1,0,0,7,6,4,0,0,0,3,1,2,5,2,0,1,0,1,4,0,9,1,3,0,0,5
BCW-201819,0,0,1,0,15,0,0,0,1,0,0,0,1,10,0,0,0,0,0,0,0,0,0,0,0,0
BCW-201823,1,0,0,7,6,4,0,0,0,3,1,2,5,2,0,1,0,1,4,0,9,1,3,0,0,5
BCW-201824,1,0,0,7,6,4,0,0,0,3,1,2,5,2,0,1,0,1,4,0,9,1,3,0,0,5
BCW-201825,1,0,0,7,6,4,0,0,0,3,1,2,5,2,0,1,0,1,4,0,9,1,3,0,0,5
BCW-201826,1,0,0,0,6,0,0,1,1,0,0,0,0,4,0,0,0,0,0,0,0,0,1,2,0,0
BCW-201827,1,0,1,0,6,0,0,1,1,0,0,0,0,9,0,0,0,0,0,0,0,0,2,1,0,0
BCW-201828,0,0,0,0,9,0,0,1,1,0,0,0,0,4,0,0,0,0,0,0,0,0,1,1,0,0
BCW-201830,1,0,0,7,6,4,0,0,0,3,1,2,5,2,0,1,0,1,4,0,9,1,3,0,0,5
BCW-201832,0,0,0,0,11,0,0,1,1,0,0,0,0,4,0,0,0,0,0,0,0,0,0,1,0,0
BCW-201833,1,0,0,0,6,0,1,1,1,0,0,0,0,5,0,0,0,0,0,0,0,0,1,1,0,0
BCW-201834,1,0,0,7,6,4,0,0,0,3,1,2,5,2,0,1,0,1,4,0,9,1,3,0,0,5
BCW-201835,0,0,0,0,2,0,0,1,2,0,0,0,0,6,0,0,0,0,0,0,0,0,0,0,0,0
BCW-201836,1,0,0,7,6,4,0,0,0,3,1,2,5,2,0,1,0,1,4,0,9,1,3,0,0,5
BCW-201838,0,0,0,0,16,0,0,1,1,0,0,0,1,15,0,0,0,0,0,0,0,0,1,0,0,0
BCW-201839,0,0,0,0,4,0,0,1,1,0,0,0,0,5,0,0,0,0,0,0,0,0,0,1,0,0
BCW-201840,1,0,0,7,6,4,0,0,0,3,1,2,5,2,0,1,0,1,4,0,9,1,3,0,0,5
BCW-201842,1,0,1,0,14,0,0,0,1,0,0,0,1,9,0,0,0,0,0,0,0,0,0,0,0,0
BCW-201844,0,0,1,0,26,0,0,1,2,0,0,0,1,14,0,0,0,0,0,0,0,0,0,1,0,0
BCW-201845,0,0,0,0,11,0,0,1,1,0,0,0,0,4,0,0,0,0,0,0,0,0,0,1,0,0
BCW-201847,0,0,0,0,4,0,0,1,1,0,0,0,0,5,0,0,0,0,0,0,0,0,0,1,0,0
BCW-201848,1,0,0,0,6,0,0,1,1,0,0,0,0,4,0,0,0,0,0,0,0,0,1,2,0,0
BCW-201849,0,0,0,0,4,0,0,1,1,0,0,0,0,5,0,0,0,0,0,0,0,0,0,1,0,0
BCW-201850,0,0,0,0,9,0,0,1,1,0,0,0,0,4,0,0,0,0,0,0,0,0,1,1,0,0
BCW-201851,0,0,0,0,6,0,0,0,1,0,0,0,0,5,0,0,0,0,0,0,0,0,0,2,0,0
BCW-201853,0,0,0,0,5,0,0,1,1,0,0,0,0,5,0,0,0,0,0,0,0,0,1,1,0,0
BCW-201854,0,0,0,0,5,0,0,1,1,0,0,0,0,5,0,0,0,0,0,0,0,0,0,1,0,0
BCW-201856,1,0,0,7,6,4,0,0,0,3,1,2,5,2,0,1,0,1,4,0,9,1,3,0,0,5
BCW-201857,0,0,0,0,4,0,0,1,1,0,0,0,0,5,0,0,0,0,0,0,0,0,0,1,0,0
BCW-201858,0,0,0,0,9,0,0,1,1,0,0,0,0,4,0,0,0,0,0,0,0,0,1,1,0,0
BCW-201859,0,0,0,0,6,0,0,1,1,0,0,0,0,6,0,0,0,0,0,0,0,0,0,0,0,0
BCW-201860,1,0,0,7,6,4,0,0,0,3,1,2,5,2,0,1,0,1,4,0,9,1,3,0,0,5
BCW-201861,0,0,0,0,11,0,0,1,1,0,0,0,0,7,0,0,0,0,0,0,0,0,0,0,0,0
BCW-201862,0,0,0,0,8,0,0,0,1,0,0,0,0,10,0,0,0,0,0,0,0,0,0,2,0,0
BCW-201864,1,0,1,0,6,0,0,1,1,0,0,0,0,9,0,0,0,0,0,0,0,0,2,1,0,0
BCW-201865,0,0,0,0,5,0,0,1,1,0,0,0,0,5,0,0,0,0,0,0,0,0,0,1,0,0
BCW-201866,0,0,0,0,4,0,0,1,1,0,0,0,0,5,0,0,0,0,0,0,0,0,0,1,0,0
BCW-201867,1,0,1,0,6,0,0,1,1,0,0,0,0,9,0,0,0,0,0,0,0,0,2,1,0,0
BCW-201868,0,0,0,0,8,0,0,1,1,0,0,0,0,8,0,0,0,0,0,0,0,0,0,0,0,0
BCW-201870,0,0,0,0,10,0,1,2,1,0,0,0,0,9,0,0,0,0,0,0,0,0,0,0,0,0
BCW-201871,0,0,0,0,10,0,0,2,2,0,0,0,0,9,0,0,0,0,0,0,0,0,0,2,0,0
BCW-201872,0,0,0,0,10,0,1,3,2,0,0,0,0,10,0,0,0,0,0,0,0,0,0,0,0,0
BCW-201873,0,0,0,0,9,0,0,1,1,0,0,0,0,4,0,0,0,0,0,0,0,0,1,1,0,0
BCW-201874,0,0,0,0,4,0,0,1,1,0,0,0,0,5,0,0,0,0,0,0,0,0,0,1,0,0
BCW-201875,0,0,0,0,6,0,0,1,1,0,0,0,0,6,0,0,0,0,0,0,0,0,0,0,0,0
BCW-201876,0,0,0,0,9,0,0,1,1,0,0,0,0,4,0,0,0,0,0,0,0,0,1,1,0,0
BCW-201877,0,0,0,0,11,0,0,1,1,0,0,0,0,4,0,0,0,0,0,0,0,0,0,1,0,0
BCW-201878,0,0,0,0,11,0,0,1,1,0,0,0,0,4,0,0,0,0,0,0,0,0,0,1,0,0
BCW-201879,0,0,0,0,9,0,0,1,1,0,0,0,0,4,0,0,0,0,0,0,0,0,1,1,0,0
BCW-201880,0,0,0,0,11,0,0,1,1,0,0,0,0,4,0,0,0,0,0,0,0,0,0,1,0,0
BCW-201881,0,0,0,0,4,0,0,1,1,0,0,0,0,5,0,0,0,0,0,0,0,0,0,1,0,0
BCW-201882,0,0,0,0,11,0,0,1,1,0,0,0,0,4,0,0,0,0,0,0,0,0,0,1,0,0
BCW-201883,0,0,0,0,4,0,0,1,1,0,0,0,0,5,0,0,0,0,0,0,0,0,0,1,0,0
BCW-201884,0,0,0,0,11,0,0,1,1,0,0,0,0,4,0,0,0,0,0,0,0,0,0,1,0,0
BCW-201885,0,0,0,0,11,0,0,1,1,0,0,0,0,4,0,0,0,0,0,0,0,0,0,1,0,0
BCW-201886,0,0,0,0,9,0,0,1,1,0,0,0,0,4,0,0,0,0,0,0,0,0,1,1,0,0
BCW-201887,0,0,0,0,9,0,0,1,1,0,0,0,0,4,0,0,0,0,0,0,0,0,1,1,0,0
BCW-201888,0,0,0,0,9,0,0,1,1,0,0,0,0,4,0,0,0,0,0,0,0,0,1,1,0,0
BCW-201889,0,0,0,0,11,0,0,1,1,0,0,0,0,4,0,0,0,0,0,0,0,0,0,1,0,0
BCW-201890,0,0,0,0,5,0,0,1,1,0,0,0,0,3,0,0,0,0,0,0,0,0,1,1,0,0
BCW-201891,1,0,0,0,3,0,0,1,1,0,0,0,0,8,0,0,0,0,0,0,0,0,0,1,0,0
BCW-201894,1,0,0,7,6,4,0,0,0,3,1,2,5,2,0,1,0,1,4,0,9,1,3,0,0,5
BCW-201895,0,0,0,0,11,0,0,1,1,0,0,0,0,4,0,0,0,0,0,0,0,0,0,1,0,0
BCW-201896,1,0,1,0,14,0,0,0,1,0,0,0,1,9,0,0,0,0,0,0,0,0,0,0,0,0
BCW-201897,1,0,0,0,6,0,0,1,1,0,0,0,0,4,0,0,0,0,0,0,0,0,1,2,0,0
BCW-201899,0,0,0,0,11,0,0,1,1,0,0,0,0,4,0,0,0,0,0,0,0,0,0,1,0,0
BCW-201900,0,0,0,0,5,0,0,1,1,0,0,0,0,3,0,0,0,0,0,0,0,0,0,1,0,0
BCW-201901,0,0,0,0,5,0,0,1,1,0,0,0,0,3,0,0,0,0,0,0,0,0,1,1,0,0
BCW-201902,0,0,0,0,13,0,0,1,1,0,0,0,0,9,0,0,0,0,0,0,0,0,1,1,0,0
BCW-201903,0,0,0,0,11,0,0,1,1,0,0,0,0,4,0,0,0,0,0,0,0,0,0,1,0,0
BCW-201909,1,0,1,0,6,0,0,1,1,0,0,0,0,9,0,0,0,0,0,0,0,0,2,1,0,0
BCW-201910,1,0,0,0,4,0,0,1,1,0,0,0,0,6,0,0,0,0,0,0,0,0,2,1,0,0
BCW-201911,1,0,0,7,6,4,0,0,0,3,1,2,5,2,0,1,0,1,4,0,9,1,3,0,0,5
BCW-201914,0,0,0,0,10,0,0,1,1,0,0,0,0,4,0,0,0,0,0,0,0,0,0,1,0,0
BCW-201915,1,0,0,7,6,4,0,0,0,3,1,2,5,2,0,1,0,1,4,0,9,1,3,0,0,5
BCW-201916,1,0,0,7,6,4,0,0,0,3,1,2,5,2,0,1,0,1,4,0,9,1,3,0,0,5
BCW-201917,1,0,1,0,6,0,0,1,1,0,0,0,0,9,0,0,0,0,0,0,0,0,2,1,0,0
BCW-201919,1,0,0,7,6,4,0,0,0,3,1,2,5,2,0,1,0,1,4,0,9,1,3,0,0,5
BCW-201926,0,0,0,0,7,0,0,1,1,0,0,0,0,2,0,0,0,0,0,0,0,0,0,1,0,0
BCW-201933,0,0,0,0,4,0,0,1,1,0,0,0,0,5,0,0,0,0,0,0,0,0,0,1,0,0
BCW-201936,1,0,0,0,0,0,0,0,0,0,0,0,1,2,1,0,0,0,0,2,0,0,1,0,0,0
BCW-201937,0,0,0,0,9,0,0,1,1,0,0,0,0,4,0,0,0,0,0,0,0,0,1,1,0,0
BCW-201938,0,0,0,0,11,0,0,1,1,0,0,0,0,4,0,0,0,0,0,0,0,0,0,1,0,0
BCW-201939,1,0,0,0,4,0,0,1,1,0,0,0,0,6,0,0,0,0,0,0,0,0,2,1,0,0
BCW-201945,0,0,0,0,11,0,0,1,1,0,0,0,0,4,0,0,0,0,0,0,0,0,0,1,0,0
BCW-201947,0,0,0,0,6,0,0,1,1,0,0,0,0,6,0,0,0,0,0,0,0,0,0,0,0,0
BCW-201949,0,0,0,0,4,0,0,1,1,0,0,0,0,5,0,0,0,0,0,0,0,0,0,1,0,0
BCW-201954,1,0,0,6,15,3,0,2,2,4,0,2,4,15,0,1,0,1,4,0,8,1,4,3,0,3
BCW-201957,0,0,0,0,11,0,0,1,1,0,0,0,0,4,0,0,0,0,0,0,0,0,0,1,0,0
BCW-201972,0,0,0,0,9,0,0,1,1,0,0,0,0,4,0,0,0,0,0,0,0,0,1,1,0,0
BCW-201975,0,0,0,0,11,0,0,1,1,0,0,0,0,4,0,0,0,0,0,0,0,0,0,1,0,0
BCW-201982,0,0,0,0,5,0,0,1,1,0,0,0,0,9,0,0,0,0,0,0,0,0,2,1,0,0
BCW-201990,0,0,0,0,9,0,0,1,1,0,0,0,0,4,0,0,0,0,0,0,0,0,1,1,0,0
BCW-201995,1,0,0,0,6,0,0,1,1,0,0,0,0,4,0,0,0,0,0,0,0,0,1,2,0,0
BCW-201997,1,0,1,0,7,0,0,1,1,0,0,0,0,9,0,0,0,0,0,0,0,0,2,1,0,0
BCW-202001,1,0,1,0,7,0,0,1,1,0,0,0,0,9,0,0,0,0,0,0,0,0,2,1,0,0
BCW-202005,0,0,0,0,11,0,0,1,1,0,0,0,0,4,0,0,0,0,0,0,0,0,0,1,0,0
BCW-202006,0,0,0,0,18,0,0,2,2,0,0,0,0,7,0,0,0,0,0,0,0,0,1,2,0,0
